syllable,codepoint,L,V,T
가,U+AC00,0,0,0
각,U+AC01,0,0,1
갂,U+AC02,0,0,2
갃,U+AC03,0,0,3
간,U+AC04,0,0,4
갅,U+AC05,0,0,5
갆,U+AC06,0,0,6
갇,U+AC07,0,0,7
갈,U+AC08,0,0,8
갉,U+AC09,0,0,9
갊,U+AC0A,0,0,10
갋,U+AC0B,0,0,11
갌,U+AC0C,0,0,12
갍,U+AC0D,0,0,13
갎,U+AC0E,0,0,14
갏,U+AC0F,0,0,15
감,U+AC10,0,0,16
갑,U+AC11,0,0,17
값,U+AC12,0,0,18
갓,U+AC13,0,0,19
갔,U+AC14,0,0,20
강,U+AC15,0,0,21
갖,U+AC16,0,0,22
갗,U+AC17,0,0,23
갘,U+AC18,0,0,24
같,U+AC19,0,0,25
갚,U+AC1A,0,0,26
갛,U+AC1B,0,0,27
개,U+AC1C,0,1,0
객,U+AC1D,0,1,1
갞,U+AC1E,0,1,2
갟,U+AC1F,0,1,3
갠,U+AC20,0,1,4
갡,U+AC21,0,1,5
갢,U+AC22,0,1,6
갣,U+AC23,0,1,7
갤,U+AC24,0,1,8
갥,U+AC25,0,1,9
갦,U+AC26,0,1,10
갧,U+AC27,0,1,11
갨,U+AC28,0,1,12
갩,U+AC29,0,1,13
갪,U+AC2A,0,1,14
갫,U+AC2B,0,1,15
갬,U+AC2C,0,1,16
갭,U+AC2D,0,1,17
갮,U+AC2E,0,1,18
갯,U+AC2F,0,1,19
갰,U+AC30,0,1,20
갱,U+AC31,0,1,21
갲,U+AC32,0,1,22
갳,U+AC33,0,1,23
갴,U+AC34,0,1,24
갵,U+AC35,0,1,25
갶,U+AC36,0,1,26
갷,U+AC37,0,1,27
갸,U+AC38,0,2,0
갹,U+AC39,0,2,1
갺,U+AC3A,0,2,2
갻,U+AC3B,0,2,3
갼,U+AC3C,0,2,4
갽,U+AC3D,0,2,5
갾,U+AC3E,0,2,6
갿,U+AC3F,0,2,7
걀,U+AC40,0,2,8
걁,U+AC41,0,2,9
걂,U+AC42,0,2,10
걃,U+AC43,0,2,11
걄,U+AC44,0,2,12
걅,U+AC45,0,2,13
걆,U+AC46,0,2,14
걇,U+AC47,0,2,15
걈,U+AC48,0,2,16
걉,U+AC49,0,2,17
걊,U+AC4A,0,2,18
걋,U+AC4B,0,2,19
걌,U+AC4C,0,2,20
걍,U+AC4D,0,2,21
걎,U+AC4E,0,2,22
걏,U+AC4F,0,2,23
걐,U+AC50,0,2,24
걑,U+AC51,0,2,25
걒,U+AC52,0,2,26
걓,U+AC53,0,2,27
걔,U+AC54,0,3,0
걕,U+AC55,0,3,1
걖,U+AC56,0,3,2
걗,U+AC57,0,3,3
걘,U+AC58,0,3,4
걙,U+AC59,0,3,5
걚,U+AC5A,0,3,6
걛,U+AC5B,0,3,7
걜,U+AC5C,0,3,8
걝,U+AC5D,0,3,9
걞,U+AC5E,0,3,10
걟,U+AC5F,0,3,11
걠,U+AC60,0,3,12
걡,U+AC61,0,3,13
걢,U+AC62,0,3,14
걣,U+AC63,0,3,15
걤,U+AC64,0,3,16
걥,U+AC65,0,3,17
걦,U+AC66,0,3,18
걧,U+AC67,0,3,19
걨,U+AC68,0,3,20
걩,U+AC69,0,3,21
걪,U+AC6A,0,3,22
걫,U+AC6B,0,3,23
걬,U+AC6C,0,3,24
걭,U+AC6D,0,3,25
걮,U+AC6E,0,3,26
걯,U+AC6F,0,3,27
거,U+AC70,0,4,0
걱,U+AC71,0,4,1
걲,U+AC72,0,4,2
걳,U+AC73,0,4,3
건,U+AC74,0,4,4
걵,U+AC75,0,4,5
걶,U+AC76,0,4,6
걷,U+AC77,0,4,7
걸,U+AC78,0,4,8
걹,U+AC79,0,4,9
걺,U+AC7A,0,4,10
걻,U+AC7B,0,4,11
걼,U+AC7C,0,4,12
걽,U+AC7D,0,4,13
걾,U+AC7E,0,4,14
걿,U+AC7F,0,4,15
검,U+AC80,0,4,16
겁,U+AC81,0,4,17
겂,U+AC82,0,4,18
것,U+AC83,0,4,19
겄,U+AC84,0,4,20
겅,U+AC85,0,4,21
겆,U+AC86,0,4,22
겇,U+AC87,0,4,23
겈,U+AC88,0,4,24
겉,U+AC89,0,4,25
겊,U+AC8A,0,4,26
겋,U+AC8B,0,4,27
게,U+AC8C,0,5,0
겍,U+AC8D,0,5,1
겎,U+AC8E,0,5,2
겏,U+AC8F,0,5,3
겐,U+AC90,0,5,4
겑,U+AC91,0,5,5
겒,U+AC92,0,5,6
겓,U+AC93,0,5,7
겔,U+AC94,0,5,8
겕,U+AC95,0,5,9
겖,U+AC96,0,5,10
겗,U+AC97,0,5,11
겘,U+AC98,0,5,12
겙,U+AC99,0,5,13
겚,U+AC9A,0,5,14
겛,U+AC9B,0,5,15
겜,U+AC9C,0,5,16
겝,U+AC9D,0,5,17
겞,U+AC9E,0,5,18
겟,U+AC9F,0,5,19
겠,U+ACA0,0,5,20
겡,U+ACA1,0,5,21
겢,U+ACA2,0,5,22
겣,U+ACA3,0,5,23
겤,U+ACA4,0,5,24
겥,U+ACA5,0,5,25
겦,U+ACA6,0,5,26
겧,U+ACA7,0,5,27
겨,U+ACA8,0,6,0
격,U+ACA9,0,6,1
겪,U+ACAA,0,6,2
겫,U+ACAB,0,6,3
견,U+ACAC,0,6,4
겭,U+ACAD,0,6,5
겮,U+ACAE,0,6,6
겯,U+ACAF,0,6,7
결,U+ACB0,0,6,8
겱,U+ACB1,0,6,9
겲,U+ACB2,0,6,10
겳,U+ACB3,0,6,11
겴,U+ACB4,0,6,12
겵,U+ACB5,0,6,13
겶,U+ACB6,0,6,14
겷,U+ACB7,0,6,15
겸,U+ACB8,0,6,16
겹,U+ACB9,0,6,17
겺,U+ACBA,0,6,18
겻,U+ACBB,0,6,19
겼,U+ACBC,0,6,20
경,U+ACBD,0,6,21
겾,U+ACBE,0,6,22
겿,U+ACBF,0,6,23
곀,U+ACC0,0,6,24
곁,U+ACC1,0,6,25
곂,U+ACC2,0,6,26
곃,U+ACC3,0,6,27
계,U+ACC4,0,7,0
곅,U+ACC5,0,7,1
곆,U+ACC6,0,7,2
곇,U+ACC7,0,7,3
곈,U+ACC8,0,7,4
곉,U+ACC9,0,7,5
곊,U+ACCA,0,7,6
곋,U+ACCB,0,7,7
곌,U+ACCC,0,7,8
곍,U+ACCD,0,7,9
곎,U+ACCE,0,7,10
곏,U+ACCF,0,7,11
곐,U+ACD0,0,7,12
곑,U+ACD1,0,7,13
곒,U+ACD2,0,7,14
곓,U+ACD3,0,7,15
곔,U+ACD4,0,7,16
곕,U+ACD5,0,7,17
곖,U+ACD6,0,7,18
곗,U+ACD7,0,7,19
곘,U+ACD8,0,7,20
곙,U+ACD9,0,7,21
곚,U+ACDA,0,7,22
곛,U+ACDB,0,7,23
곜,U+ACDC,0,7,24
곝,U+ACDD,0,7,25
곞,U+ACDE,0,7,26
곟,U+ACDF,0,7,27
고,U+ACE0,0,8,0
곡,U+ACE1,0,8,1
곢,U+ACE2,0,8,2
곣,U+ACE3,0,8,3
곤,U+ACE4,0,8,4
곥,U+ACE5,0,8,5
곦,U+ACE6,0,8,6
곧,U+ACE7,0,8,7
골,U+ACE8,0,8,8
곩,U+ACE9,0,8,9
곪,U+ACEA,0,8,10
곫,U+ACEB,0,8,11
곬,U+ACEC,0,8,12
곭,U+ACED,0,8,13
곮,U+ACEE,0,8,14
곯,U+ACEF,0,8,15
곰,U+ACF0,0,8,16
곱,U+ACF1,0,8,17
곲,U+ACF2,0,8,18
곳,U+ACF3,0,8,19
곴,U+ACF4,0,8,20
공,U+ACF5,0,8,21
곶,U+ACF6,0,8,22
곷,U+ACF7,0,8,23
곸,U+ACF8,0,8,24
곹,U+ACF9,0,8,25
곺,U+ACFA,0,8,26
곻,U+ACFB,0,8,27
과,U+ACFC,0,9,0
곽,U+ACFD,0,9,1
곾,U+ACFE,0,9,2
곿,U+ACFF,0,9,3
관,U+AD00,0,9,4
괁,U+AD01,0,9,5
괂,U+AD02,0,9,6
괃,U+AD03,0,9,7
괄,U+AD04,0,9,8
괅,U+AD05,0,9,9
괆,U+AD06,0,9,10
괇,U+AD07,0,9,11
괈,U+AD08,0,9,12
괉,U+AD09,0,9,13
괊,U+AD0A,0,9,14
괋,U+AD0B,0,9,15
괌,U+AD0C,0,9,16
괍,U+AD0D,0,9,17
괎,U+AD0E,0,9,18
괏,U+AD0F,0,9,19
괐,U+AD10,0,9,20
광,U+AD11,0,9,21
괒,U+AD12,0,9,22
괓,U+AD13,0,9,23
괔,U+AD14,0,9,24
괕,U+AD15,0,9,25
괖,U+AD16,0,9,26
괗,U+AD17,0,9,27
괘,U+AD18,0,10,0
괙,U+AD19,0,10,1
괚,U+AD1A,0,10,2
괛,U+AD1B,0,10,3
괜,U+AD1C,0,10,4
괝,U+AD1D,0,10,5
괞,U+AD1E,0,10,6
괟,U+AD1F,0,10,7
괠,U+AD20,0,10,8
괡,U+AD21,0,10,9
괢,U+AD22,0,10,10
괣,U+AD23,0,10,11
괤,U+AD24,0,10,12
괥,U+AD25,0,10,13
괦,U+AD26,0,10,14
괧,U+AD27,0,10,15
괨,U+AD28,0,10,16
괩,U+AD29,0,10,17
괪,U+AD2A,0,10,18
괫,U+AD2B,0,10,19
괬,U+AD2C,0,10,20
괭,U+AD2D,0,10,21
괮,U+AD2E,0,10,22
괯,U+AD2F,0,10,23
괰,U+AD30,0,10,24
괱,U+AD31,0,10,25
괲,U+AD32,0,10,26
괳,U+AD33,0,10,27
괴,U+AD34,0,11,0
괵,U+AD35,0,11,1
괶,U+AD36,0,11,2
괷,U+AD37,0,11,3
괸,U+AD38,0,11,4
괹,U+AD39,0,11,5
괺,U+AD3A,0,11,6
괻,U+AD3B,0,11,7
괼,U+AD3C,0,11,8
괽,U+AD3D,0,11,9
괾,U+AD3E,0,11,10
괿,U+AD3F,0,11,11
굀,U+AD40,0,11,12
굁,U+AD41,0,11,13
굂,U+AD42,0,11,14
굃,U+AD43,0,11,15
굄,U+AD44,0,11,16
굅,U+AD45,0,11,17
굆,U+AD46,0,11,18
굇,U+AD47,0,11,19
굈,U+AD48,0,11,20
굉,U+AD49,0,11,21
굊,U+AD4A,0,11,22
굋,U+AD4B,0,11,23
굌,U+AD4C,0,11,24
굍,U+AD4D,0,11,25
굎,U+AD4E,0,11,26
굏,U+AD4F,0,11,27
교,U+AD50,0,12,0
굑,U+AD51,0,12,1
굒,U+AD52,0,12,2
굓,U+AD53,0,12,3
굔,U+AD54,0,12,4
굕,U+AD55,0,12,5
굖,U+AD56,0,12,6
굗,U+AD57,0,12,7
굘,U+AD58,0,12,8
굙,U+AD59,0,12,9
굚,U+AD5A,0,12,10
굛,U+AD5B,0,12,11
굜,U+AD5C,0,12,12
굝,U+AD5D,0,12,13
굞,U+AD5E,0,12,14
굟,U+AD5F,0,12,15
굠,U+AD60,0,12,16
굡,U+AD61,0,12,17
굢,U+AD62,0,12,18
굣,U+AD63,0,12,19
굤,U+AD64,0,12,20
굥,U+AD65,0,12,21
굦,U+AD66,0,12,22
굧,U+AD67,0,12,23
굨,U+AD68,0,12,24
굩,U+AD69,0,12,25
굪,U+AD6A,0,12,26
굫,U+AD6B,0,12,27
구,U+AD6C,0,13,0
국,U+AD6D,0,13,1
굮,U+AD6E,0,13,2
굯,U+AD6F,0,13,3
군,U+AD70,0,13,4
굱,U+AD71,0,13,5
굲,U+AD72,0,13,6
굳,U+AD73,0,13,7
굴,U+AD74,0,13,8
굵,U+AD75,0,13,9
굶,U+AD76,0,13,10
굷,U+AD77,0,13,11
굸,U+AD78,0,13,12
굹,U+AD79,0,13,13
굺,U+AD7A,0,13,14
굻,U+AD7B,0,13,15
굼,U+AD7C,0,13,16
굽,U+AD7D,0,13,17
굾,U+AD7E,0,13,18
굿,U+AD7F,0,13,19
궀,U+AD80,0,13,20
궁,U+AD81,0,13,21
궂,U+AD82,0,13,22
궃,U+AD83,0,13,23
궄,U+AD84,0,13,24
궅,U+AD85,0,13,25
궆,U+AD86,0,13,26
궇,U+AD87,0,13,27
궈,U+AD88,0,14,0
궉,U+AD89,0,14,1
궊,U+AD8A,0,14,2
궋,U+AD8B,0,14,3
권,U+AD8C,0,14,4
궍,U+AD8D,0,14,5
궎,U+AD8E,0,14,6
궏,U+AD8F,0,14,7
궐,U+AD90,0,14,8
궑,U+AD91,0,14,9
궒,U+AD92,0,14,10
궓,U+AD93,0,14,11
궔,U+AD94,0,14,12
궕,U+AD95,0,14,13
궖,U+AD96,0,14,14
궗,U+AD97,0,14,15
궘,U+AD98,0,14,16
궙,U+AD99,0,14,17
궚,U+AD9A,0,14,18
궛,U+AD9B,0,14,19
궜,U+AD9C,0,14,20
궝,U+AD9D,0,14,21
궞,U+AD9E,0,14,22
궟,U+AD9F,0,14,23
궠,U+ADA0,0,14,24
궡,U+ADA1,0,14,25
궢,U+ADA2,0,14,26
궣,U+ADA3,0,14,27
궤,U+ADA4,0,15,0
궥,U+ADA5,0,15,1
궦,U+ADA6,0,15,2
궧,U+ADA7,0,15,3
궨,U+ADA8,0,15,4
궩,U+ADA9,0,15,5
궪,U+ADAA,0,15,6
궫,U+ADAB,0,15,7
궬,U+ADAC,0,15,8
궭,U+ADAD,0,15,9
궮,U+ADAE,0,15,10
궯,U+ADAF,0,15,11
궰,U+ADB0,0,15,12
궱,U+ADB1,0,15,13
궲,U+ADB2,0,15,14
궳,U+ADB3,0,15,15
궴,U+ADB4,0,15,16
궵,U+ADB5,0,15,17
궶,U+ADB6,0,15,18
궷,U+ADB7,0,15,19
궸,U+ADB8,0,15,20
궹,U+ADB9,0,15,21
궺,U+ADBA,0,15,22
궻,U+ADBB,0,15,23
궼,U+ADBC,0,15,24
궽,U+ADBD,0,15,25
궾,U+ADBE,0,15,26
궿,U+ADBF,0,15,27
귀,U+ADC0,0,16,0
귁,U+ADC1,0,16,1
귂,U+ADC2,0,16,2
귃,U+ADC3,0,16,3
귄,U+ADC4,0,16,4
귅,U+ADC5,0,16,5
귆,U+ADC6,0,16,6
귇,U+ADC7,0,16,7
귈,U+ADC8,0,16,8
귉,U+ADC9,0,16,9
귊,U+ADCA,0,16,10
귋,U+ADCB,0,16,11
귌,U+ADCC,0,16,12
귍,U+ADCD,0,16,13
귎,U+ADCE,0,16,14
귏,U+ADCF,0,16,15
귐,U+ADD0,0,16,16
귑,U+ADD1,0,16,17
귒,U+ADD2,0,16,18
귓,U+ADD3,0,16,19
귔,U+ADD4,0,16,20
귕,U+ADD5,0,16,21
귖,U+ADD6,0,16,22
귗,U+ADD7,0,16,23
귘,U+ADD8,0,16,24
귙,U+ADD9,0,16,25
귚,U+ADDA,0,16,26
귛,U+ADDB,0,16,27
규,U+ADDC,0,17,0
귝,U+ADDD,0,17,1
귞,U+ADDE,0,17,2
귟,U+ADDF,0,17,3
균,U+ADE0,0,17,4
귡,U+ADE1,0,17,5
귢,U+ADE2,0,17,6
귣,U+ADE3,0,17,7
귤,U+ADE4,0,17,8
귥,U+ADE5,0,17,9
귦,U+ADE6,0,17,10
귧,U+ADE7,0,17,11
귨,U+ADE8,0,17,12
귩,U+ADE9,0,17,13
귪,U+ADEA,0,17,14
귫,U+ADEB,0,17,15
귬,U+ADEC,0,17,16
귭,U+ADED,0,17,17
귮,U+ADEE,0,17,18
귯,U+ADEF,0,17,19
귰,U+ADF0,0,17,20
귱,U+ADF1,0,17,21
귲,U+ADF2,0,17,22
귳,U+ADF3,0,17,23
귴,U+ADF4,0,17,24
귵,U+ADF5,0,17,25
귶,U+ADF6,0,17,26
귷,U+ADF7,0,17,27
그,U+ADF8,0,18,0
극,U+ADF9,0,18,1
귺,U+ADFA,0,18,2
귻,U+ADFB,0,18,3
근,U+ADFC,0,18,4
귽,U+ADFD,0,18,5
귾,U+ADFE,0,18,6
귿,U+ADFF,0,18,7
글,U+AE00,0,18,8
긁,U+AE01,0,18,9
긂,U+AE02,0,18,10
긃,U+AE03,0,18,11
긄,U+AE04,0,18,12
긅,U+AE05,0,18,13
긆,U+AE06,0,18,14
긇,U+AE07,0,18,15
금,U+AE08,0,18,16
급,U+AE09,0,18,17
긊,U+AE0A,0,18,18
긋,U+AE0B,0,18,19
긌,U+AE0C,0,18,20
긍,U+AE0D,0,18,21
긎,U+AE0E,0,18,22
긏,U+AE0F,0,18,23
긐,U+AE10,0,18,24
긑,U+AE11,0,18,25
긒,U+AE12,0,18,26
긓,U+AE13,0,18,27
긔,U+AE14,0,19,0
긕,U+AE15,0,19,1
긖,U+AE16,0,19,2
긗,U+AE17,0,19,3
긘,U+AE18,0,19,4
긙,U+AE19,0,19,5
긚,U+AE1A,0,19,6
긛,U+AE1B,0,19,7
긜,U+AE1C,0,19,8
긝,U+AE1D,0,19,9
긞,U+AE1E,0,19,10
긟,U+AE1F,0,19,11
긠,U+AE20,0,19,12
긡,U+AE21,0,19,13
긢,U+AE22,0,19,14
긣,U+AE23,0,19,15
긤,U+AE24,0,19,16
긥,U+AE25,0,19,17
긦,U+AE26,0,19,18
긧,U+AE27,0,19,19
긨,U+AE28,0,19,20
긩,U+AE29,0,19,21
긪,U+AE2A,0,19,22
긫,U+AE2B,0,19,23
긬,U+AE2C,0,19,24
긭,U+AE2D,0,19,25
긮,U+AE2E,0,19,26
긯,U+AE2F,0,19,27
기,U+AE30,0,20,0
긱,U+AE31,0,20,1
긲,U+AE32,0,20,2
긳,U+AE33,0,20,3
긴,U+AE34,0,20,4
긵,U+AE35,0,20,5
긶,U+AE36,0,20,6
긷,U+AE37,0,20,7
길,U+AE38,0,20,8
긹,U+AE39,0,20,9
긺,U+AE3A,0,20,10
긻,U+AE3B,0,20,11
긼,U+AE3C,0,20,12
긽,U+AE3D,0,20,13
긾,U+AE3E,0,20,14
긿,U+AE3F,0,20,15
김,U+AE40,0,20,16
깁,U+AE41,0,20,17
깂,U+AE42,0,20,18
깃,U+AE43,0,20,19
깄,U+AE44,0,20,20
깅,U+AE45,0,20,21
깆,U+AE46,0,20,22
깇,U+AE47,0,20,23
깈,U+AE48,0,20,24
깉,U+AE49,0,20,25
깊,U+AE4A,0,20,26
깋,U+AE4B,0,20,27
까,U+AE4C,1,0,0
깍,U+AE4D,1,0,1
깎,U+AE4E,1,0,2
깏,U+AE4F,1,0,3
깐,U+AE50,1,0,4
깑,U+AE51,1,0,5
깒,U+AE52,1,0,6
깓,U+AE53,1,0,7
깔,U+AE54,1,0,8
깕,U+AE55,1,0,9
깖,U+AE56,1,0,10
깗,U+AE57,1,0,11
깘,U+AE58,1,0,12
깙,U+AE59,1,0,13
깚,U+AE5A,1,0,14
깛,U+AE5B,1,0,15
깜,U+AE5C,1,0,16
깝,U+AE5D,1,0,17
깞,U+AE5E,1,0,18
깟,U+AE5F,1,0,19
깠,U+AE60,1,0,20
깡,U+AE61,1,0,21
깢,U+AE62,1,0,22
깣,U+AE63,1,0,23
깤,U+AE64,1,0,24
깥,U+AE65,1,0,25
깦,U+AE66,1,0,26
깧,U+AE67,1,0,27
깨,U+AE68,1,1,0
깩,U+AE69,1,1,1
깪,U+AE6A,1,1,2
깫,U+AE6B,1,1,3
깬,U+AE6C,1,1,4
깭,U+AE6D,1,1,5
깮,U+AE6E,1,1,6
깯,U+AE6F,1,1,7
깰,U+AE70,1,1,8
깱,U+AE71,1,1,9
깲,U+AE72,1,1,10
깳,U+AE73,1,1,11
깴,U+AE74,1,1,12
깵,U+AE75,1,1,13
깶,U+AE76,1,1,14
깷,U+AE77,1,1,15
깸,U+AE78,1,1,16
깹,U+AE79,1,1,17
깺,U+AE7A,1,1,18
깻,U+AE7B,1,1,19
깼,U+AE7C,1,1,20
깽,U+AE7D,1,1,21
깾,U+AE7E,1,1,22
깿,U+AE7F,1,1,23
꺀,U+AE80,1,1,24
꺁,U+AE81,1,1,25
꺂,U+AE82,1,1,26
꺃,U+AE83,1,1,27
꺄,U+AE84,1,2,0
꺅,U+AE85,1,2,1
꺆,U+AE86,1,2,2
꺇,U+AE87,1,2,3
꺈,U+AE88,1,2,4
꺉,U+AE89,1,2,5
꺊,U+AE8A,1,2,6
꺋,U+AE8B,1,2,7
꺌,U+AE8C,1,2,8
꺍,U+AE8D,1,2,9
꺎,U+AE8E,1,2,10
꺏,U+AE8F,1,2,11
꺐,U+AE90,1,2,12
꺑,U+AE91,1,2,13
꺒,U+AE92,1,2,14
꺓,U+AE93,1,2,15
꺔,U+AE94,1,2,16
꺕,U+AE95,1,2,17
꺖,U+AE96,1,2,18
꺗,U+AE97,1,2,19
꺘,U+AE98,1,2,20
꺙,U+AE99,1,2,21
꺚,U+AE9A,1,2,22
꺛,U+AE9B,1,2,23
꺜,U+AE9C,1,2,24
꺝,U+AE9D,1,2,25
꺞,U+AE9E,1,2,26
꺟,U+AE9F,1,2,27
꺠,U+AEA0,1,3,0
꺡,U+AEA1,1,3,1
꺢,U+AEA2,1,3,2
꺣,U+AEA3,1,3,3
꺤,U+AEA4,1,3,4
꺥,U+AEA5,1,3,5
꺦,U+AEA6,1,3,6
꺧,U+AEA7,1,3,7
꺨,U+AEA8,1,3,8
꺩,U+AEA9,1,3,9
꺪,U+AEAA,1,3,10
꺫,U+AEAB,1,3,11
꺬,U+AEAC,1,3,12
꺭,U+AEAD,1,3,13
꺮,U+AEAE,1,3,14
꺯,U+AEAF,1,3,15
꺰,U+AEB0,1,3,16
꺱,U+AEB1,1,3,17
꺲,U+AEB2,1,3,18
꺳,U+AEB3,1,3,19
꺴,U+AEB4,1,3,20
꺵,U+AEB5,1,3,21
꺶,U+AEB6,1,3,22
꺷,U+AEB7,1,3,23
꺸,U+AEB8,1,3,24
꺹,U+AEB9,1,3,25
꺺,U+AEBA,1,3,26
꺻,U+AEBB,1,3,27
꺼,U+AEBC,1,4,0
꺽,U+AEBD,1,4,1
꺾,U+AEBE,1,4,2
꺿,U+AEBF,1,4,3
껀,U+AEC0,1,4,4
껁,U+AEC1,1,4,5
껂,U+AEC2,1,4,6
껃,U+AEC3,1,4,7
껄,U+AEC4,1,4,8
껅,U+AEC5,1,4,9
껆,U+AEC6,1,4,10
껇,U+AEC7,1,4,11
껈,U+AEC8,1,4,12
껉,U+AEC9,1,4,13
껊,U+AECA,1,4,14
껋,U+AECB,1,4,15
껌,U+AECC,1,4,16
껍,U+AECD,1,4,17
껎,U+AECE,1,4,18
껏,U+AECF,1,4,19
껐,U+AED0,1,4,20
껑,U+AED1,1,4,21
껒,U+AED2,1,4,22
껓,U+AED3,1,4,23
껔,U+AED4,1,4,24
껕,U+AED5,1,4,25
껖,U+AED6,1,4,26
껗,U+AED7,1,4,27
께,U+AED8,1,5,0
껙,U+AED9,1,5,1
껚,U+AEDA,1,5,2
껛,U+AEDB,1,5,3
껜,U+AEDC,1,5,4
껝,U+AEDD,1,5,5
껞,U+AEDE,1,5,6
껟,U+AEDF,1,5,7
껠,U+AEE0,1,5,8
껡,U+AEE1,1,5,9
껢,U+AEE2,1,5,10
껣,U+AEE3,1,5,11
껤,U+AEE4,1,5,12
껥,U+AEE5,1,5,13
껦,U+AEE6,1,5,14
껧,U+AEE7,1,5,15
껨,U+AEE8,1,5,16
껩,U+AEE9,1,5,17
껪,U+AEEA,1,5,18
껫,U+AEEB,1,5,19
껬,U+AEEC,1,5,20
껭,U+AEED,1,5,21
껮,U+AEEE,1,5,22
껯,U+AEEF,1,5,23
껰,U+AEF0,1,5,24
껱,U+AEF1,1,5,25
껲,U+AEF2,1,5,26
껳,U+AEF3,1,5,27
껴,U+AEF4,1,6,0
껵,U+AEF5,1,6,1
껶,U+AEF6,1,6,2
껷,U+AEF7,1,6,3
껸,U+AEF8,1,6,4
껹,U+AEF9,1,6,5
껺,U+AEFA,1,6,6
껻,U+AEFB,1,6,7
껼,U+AEFC,1,6,8
껽,U+AEFD,1,6,9
껾,U+AEFE,1,6,10
껿,U+AEFF,1,6,11
꼀,U+AF00,1,6,12
꼁,U+AF01,1,6,13
꼂,U+AF02,1,6,14
꼃,U+AF03,1,6,15
꼄,U+AF04,1,6,16
꼅,U+AF05,1,6,17
꼆,U+AF06,1,6,18
꼇,U+AF07,1,6,19
꼈,U+AF08,1,6,20
꼉,U+AF09,1,6,21
꼊,U+AF0A,1,6,22
꼋,U+AF0B,1,6,23
꼌,U+AF0C,1,6,24
꼍,U+AF0D,1,6,25
꼎,U+AF0E,1,6,26
꼏,U+AF0F,1,6,27
꼐,U+AF10,1,7,0
꼑,U+AF11,1,7,1
꼒,U+AF12,1,7,2
꼓,U+AF13,1,7,3
꼔,U+AF14,1,7,4
꼕,U+AF15,1,7,5
꼖,U+AF16,1,7,6
꼗,U+AF17,1,7,7
꼘,U+AF18,1,7,8
꼙,U+AF19,1,7,9
꼚,U+AF1A,1,7,10
꼛,U+AF1B,1,7,11
꼜,U+AF1C,1,7,12
꼝,U+AF1D,1,7,13
꼞,U+AF1E,1,7,14
꼟,U+AF1F,1,7,15
꼠,U+AF20,1,7,16
꼡,U+AF21,1,7,17
꼢,U+AF22,1,7,18
꼣,U+AF23,1,7,19
꼤,U+AF24,1,7,20
꼥,U+AF25,1,7,21
꼦,U+AF26,1,7,22
꼧,U+AF27,1,7,23
꼨,U+AF28,1,7,24
꼩,U+AF29,1,7,25
꼪,U+AF2A,1,7,26
꼫,U+AF2B,1,7,27
꼬,U+AF2C,1,8,0
꼭,U+AF2D,1,8,1
꼮,U+AF2E,1,8,2
꼯,U+AF2F,1,8,3
꼰,U+AF30,1,8,4
꼱,U+AF31,1,8,5
꼲,U+AF32,1,8,6
꼳,U+AF33,1,8,7
꼴,U+AF34,1,8,8
꼵,U+AF35,1,8,9
꼶,U+AF36,1,8,10
꼷,U+AF37,1,8,11
꼸,U+AF38,1,8,12
꼹,U+AF39,1,8,13
꼺,U+AF3A,1,8,14
꼻,U+AF3B,1,8,15
꼼,U+AF3C,1,8,16
꼽,U+AF3D,1,8,17
꼾,U+AF3E,1,8,18
꼿,U+AF3F,1,8,19
꽀,U+AF40,1,8,20
꽁,U+AF41,1,8,21
꽂,U+AF42,1,8,22
꽃,U+AF43,1,8,23
꽄,U+AF44,1,8,24
꽅,U+AF45,1,8,25
꽆,U+AF46,1,8,26
꽇,U+AF47,1,8,27
꽈,U+AF48,1,9,0
꽉,U+AF49,1,9,1
꽊,U+AF4A,1,9,2
꽋,U+AF4B,1,9,3
꽌,U+AF4C,1,9,4
꽍,U+AF4D,1,9,5
꽎,U+AF4E,1,9,6
꽏,U+AF4F,1,9,7
꽐,U+AF50,1,9,8
꽑,U+AF51,1,9,9
꽒,U+AF52,1,9,10
꽓,U+AF53,1,9,11
꽔,U+AF54,1,9,12
꽕,U+AF55,1,9,13
꽖,U+AF56,1,9,14
꽗,U+AF57,1,9,15
꽘,U+AF58,1,9,16
꽙,U+AF59,1,9,17
꽚,U+AF5A,1,9,18
꽛,U+AF5B,1,9,19
꽜,U+AF5C,1,9,20
꽝,U+AF5D,1,9,21
꽞,U+AF5E,1,9,22
꽟,U+AF5F,1,9,23
꽠,U+AF60,1,9,24
꽡,U+AF61,1,9,25
꽢,U+AF62,1,9,26
꽣,U+AF63,1,9,27
꽤,U+AF64,1,10,0
꽥,U+AF65,1,10,1
꽦,U+AF66,1,10,2
꽧,U+AF67,1,10,3
꽨,U+AF68,1,10,4
꽩,U+AF69,1,10,5
꽪,U+AF6A,1,10,6
꽫,U+AF6B,1,10,7
꽬,U+AF6C,1,10,8
꽭,U+AF6D,1,10,9
꽮,U+AF6E,1,10,10
꽯,U+AF6F,1,10,11
꽰,U+AF70,1,10,12
꽱,U+AF71,1,10,13
꽲,U+AF72,1,10,14
꽳,U+AF73,1,10,15
꽴,U+AF74,1,10,16
꽵,U+AF75,1,10,17
꽶,U+AF76,1,10,18
꽷,U+AF77,1,10,19
꽸,U+AF78,1,10,20
꽹,U+AF79,1,10,21
꽺,U+AF7A,1,10,22
꽻,U+AF7B,1,10,23
꽼,U+AF7C,1,10,24
꽽,U+AF7D,1,10,25
꽾,U+AF7E,1,10,26
꽿,U+AF7F,1,10,27
꾀,U+AF80,1,11,0
꾁,U+AF81,1,11,1
꾂,U+AF82,1,11,2
꾃,U+AF83,1,11,3
꾄,U+AF84,1,11,4
꾅,U+AF85,1,11,5
꾆,U+AF86,1,11,6
꾇,U+AF87,1,11,7
꾈,U+AF88,1,11,8
꾉,U+AF89,1,11,9
꾊,U+AF8A,1,11,10
꾋,U+AF8B,1,11,11
꾌,U+AF8C,1,11,12
꾍,U+AF8D,1,11,13
꾎,U+AF8E,1,11,14
꾏,U+AF8F,1,11,15
꾐,U+AF90,1,11,16
꾑,U+AF91,1,11,17
꾒,U+AF92,1,11,18
꾓,U+AF93,1,11,19
꾔,U+AF94,1,11,20
꾕,U+AF95,1,11,21
꾖,U+AF96,1,11,22
꾗,U+AF97,1,11,23
꾘,U+AF98,1,11,24
꾙,U+AF99,1,11,25
꾚,U+AF9A,1,11,26
꾛,U+AF9B,1,11,27
꾜,U+AF9C,1,12,0
꾝,U+AF9D,1,12,1
꾞,U+AF9E,1,12,2
꾟,U+AF9F,1,12,3
꾠,U+AFA0,1,12,4
꾡,U+AFA1,1,12,5
꾢,U+AFA2,1,12,6
꾣,U+AFA3,1,12,7
꾤,U+AFA4,1,12,8
꾥,U+AFA5,1,12,9
꾦,U+AFA6,1,12,10
꾧,U+AFA7,1,12,11
꾨,U+AFA8,1,12,12
꾩,U+AFA9,1,12,13
꾪,U+AFAA,1,12,14
꾫,U+AFAB,1,12,15
꾬,U+AFAC,1,12,16
꾭,U+AFAD,1,12,17
꾮,U+AFAE,1,12,18
꾯,U+AFAF,1,12,19
꾰,U+AFB0,1,12,20
꾱,U+AFB1,1,12,21
꾲,U+AFB2,1,12,22
꾳,U+AFB3,1,12,23
꾴,U+AFB4,1,12,24
꾵,U+AFB5,1,12,25
꾶,U+AFB6,1,12,26
꾷,U+AFB7,1,12,27
꾸,U+AFB8,1,13,0
꾹,U+AFB9,1,13,1
꾺,U+AFBA,1,13,2
꾻,U+AFBB,1,13,3
꾼,U+AFBC,1,13,4
꾽,U+AFBD,1,13,5
꾾,U+AFBE,1,13,6
꾿,U+AFBF,1,13,7
꿀,U+AFC0,1,13,8
꿁,U+AFC1,1,13,9
꿂,U+AFC2,1,13,10
꿃,U+AFC3,1,13,11
꿄,U+AFC4,1,13,12
꿅,U+AFC5,1,13,13
꿆,U+AFC6,1,13,14
꿇,U+AFC7,1,13,15
꿈,U+AFC8,1,13,16
꿉,U+AFC9,1,13,17
꿊,U+AFCA,1,13,18
꿋,U+AFCB,1,13,19
꿌,U+AFCC,1,13,20
꿍,U+AFCD,1,13,21
꿎,U+AFCE,1,13,22
꿏,U+AFCF,1,13,23
꿐,U+AFD0,1,13,24
꿑,U+AFD1,1,13,25
꿒,U+AFD2,1,13,26
꿓,U+AFD3,1,13,27
꿔,U+AFD4,1,14,0
꿕,U+AFD5,1,14,1
꿖,U+AFD6,1,14,2
꿗,U+AFD7,1,14,3
꿘,U+AFD8,1,14,4
꿙,U+AFD9,1,14,5
꿚,U+AFDA,1,14,6
꿛,U+AFDB,1,14,7
꿜,U+AFDC,1,14,8
꿝,U+AFDD,1,14,9
꿞,U+AFDE,1,14,10
꿟,U+AFDF,1,14,11
꿠,U+AFE0,1,14,12
꿡,U+AFE1,1,14,13
꿢,U+AFE2,1,14,14
꿣,U+AFE3,1,14,15
꿤,U+AFE4,1,14,16
꿥,U+AFE5,1,14,17
꿦,U+AFE6,1,14,18
꿧,U+AFE7,1,14,19
꿨,U+AFE8,1,14,20
꿩,U+AFE9,1,14,21
꿪,U+AFEA,1,14,22
꿫,U+AFEB,1,14,23
꿬,U+AFEC,1,14,24
꿭,U+AFED,1,14,25
꿮,U+AFEE,1,14,26
꿯,U+AFEF,1,14,27
꿰,U+AFF0,1,15,0
꿱,U+AFF1,1,15,1
꿲,U+AFF2,1,15,2
꿳,U+AFF3,1,15,3
꿴,U+AFF4,1,15,4
꿵,U+AFF5,1,15,5
꿶,U+AFF6,1,15,6
꿷,U+AFF7,1,15,7
꿸,U+AFF8,1,15,8
꿹,U+AFF9,1,15,9
꿺,U+AFFA,1,15,10
꿻,U+AFFB,1,15,11
꿼,U+AFFC,1,15,12
꿽,U+AFFD,1,15,13
꿾,U+AFFE,1,15,14
꿿,U+AFFF,1,15,15
뀀,U+B000,1,15,16
뀁,U+B001,1,15,17
뀂,U+B002,1,15,18
뀃,U+B003,1,15,19
뀄,U+B004,1,15,20
뀅,U+B005,1,15,21
뀆,U+B006,1,15,22
뀇,U+B007,1,15,23
뀈,U+B008,1,15,24
뀉,U+B009,1,15,25
뀊,U+B00A,1,15,26
뀋,U+B00B,1,15,27
뀌,U+B00C,1,16,0
뀍,U+B00D,1,16,1
뀎,U+B00E,1,16,2
뀏,U+B00F,1,16,3
뀐,U+B010,1,16,4
뀑,U+B011,1,16,5
뀒,U+B012,1,16,6
뀓,U+B013,1,16,7
뀔,U+B014,1,16,8
뀕,U+B015,1,16,9
뀖,U+B016,1,16,10
뀗,U+B017,1,16,11
뀘,U+B018,1,16,12
뀙,U+B019,1,16,13
뀚,U+B01A,1,16,14
뀛,U+B01B,1,16,15
뀜,U+B01C,1,16,16
뀝,U+B01D,1,16,17
뀞,U+B01E,1,16,18
뀟,U+B01F,1,16,19
뀠,U+B020,1,16,20
뀡,U+B021,1,16,21
뀢,U+B022,1,16,22
뀣,U+B023,1,16,23
뀤,U+B024,1,16,24
뀥,U+B025,1,16,25
뀦,U+B026,1,16,26
뀧,U+B027,1,16,27
뀨,U+B028,1,17,0
뀩,U+B029,1,17,1
뀪,U+B02A,1,17,2
뀫,U+B02B,1,17,3
뀬,U+B02C,1,17,4
뀭,U+B02D,1,17,5
뀮,U+B02E,1,17,6
뀯,U+B02F,1,17,7
뀰,U+B030,1,17,8
뀱,U+B031,1,17,9
뀲,U+B032,1,17,10
뀳,U+B033,1,17,11
뀴,U+B034,1,17,12
뀵,U+B035,1,17,13
뀶,U+B036,1,17,14
뀷,U+B037,1,17,15
뀸,U+B038,1,17,16
뀹,U+B039,1,17,17
뀺,U+B03A,1,17,18
뀻,U+B03B,1,17,19
뀼,U+B03C,1,17,20
뀽,U+B03D,1,17,21
뀾,U+B03E,1,17,22
뀿,U+B03F,1,17,23
끀,U+B040,1,17,24
끁,U+B041,1,17,25
끂,U+B042,1,17,26
끃,U+B043,1,17,27
끄,U+B044,1,18,0
끅,U+B045,1,18,1
끆,U+B046,1,18,2
끇,U+B047,1,18,3
끈,U+B048,1,18,4
끉,U+B049,1,18,5
끊,U+B04A,1,18,6
끋,U+B04B,1,18,7
끌,U+B04C,1,18,8
끍,U+B04D,1,18,9
끎,U+B04E,1,18,10
끏,U+B04F,1,18,11
끐,U+B050,1,18,12
끑,U+B051,1,18,13
끒,U+B052,1,18,14
끓,U+B053,1,18,15
끔,U+B054,1,18,16
끕,U+B055,1,18,17
끖,U+B056,1,18,18
끗,U+B057,1,18,19
끘,U+B058,1,18,20
끙,U+B059,1,18,21
끚,U+B05A,1,18,22
끛,U+B05B,1,18,23
끜,U+B05C,1,18,24
끝,U+B05D,1,18,25
끞,U+B05E,1,18,26
끟,U+B05F,1,18,27
끠,U+B060,1,19,0
끡,U+B061,1,19,1
끢,U+B062,1,19,2
끣,U+B063,1,19,3
끤,U+B064,1,19,4
끥,U+B065,1,19,5
끦,U+B066,1,19,6
끧,U+B067,1,19,7
끨,U+B068,1,19,8
끩,U+B069,1,19,9
끪,U+B06A,1,19,10
끫,U+B06B,1,19,11
끬,U+B06C,1,19,12
끭,U+B06D,1,19,13
끮,U+B06E,1,19,14
끯,U+B06F,1,19,15
끰,U+B070,1,19,16
끱,U+B071,1,19,17
끲,U+B072,1,19,18
끳,U+B073,1,19,19
끴,U+B074,1,19,20
끵,U+B075,1,19,21
끶,U+B076,1,19,22
끷,U+B077,1,19,23
끸,U+B078,1,19,24
끹,U+B079,1,19,25
끺,U+B07A,1,19,26
끻,U+B07B,1,19,27
끼,U+B07C,1,20,0
끽,U+B07D,1,20,1
끾,U+B07E,1,20,2
끿,U+B07F,1,20,3
낀,U+B080,1,20,4
낁,U+B081,1,20,5
낂,U+B082,1,20,6
낃,U+B083,1,20,7
낄,U+B084,1,20,8
낅,U+B085,1,20,9
낆,U+B086,1,20,10
낇,U+B087,1,20,11
낈,U+B088,1,20,12
낉,U+B089,1,20,13
낊,U+B08A,1,20,14
낋,U+B08B,1,20,15
낌,U+B08C,1,20,16
낍,U+B08D,1,20,17
낎,U+B08E,1,20,18
낏,U+B08F,1,20,19
낐,U+B090,1,20,20
낑,U+B091,1,20,21
낒,U+B092,1,20,22
낓,U+B093,1,20,23
낔,U+B094,1,20,24
낕,U+B095,1,20,25
낖,U+B096,1,20,26
낗,U+B097,1,20,27
나,U+B098,2,0,0
낙,U+B099,2,0,1
낚,U+B09A,2,0,2
낛,U+B09B,2,0,3
난,U+B09C,2,0,4
낝,U+B09D,2,0,5
낞,U+B09E,2,0,6
낟,U+B09F,2,0,7
날,U+B0A0,2,0,8
낡,U+B0A1,2,0,9
낢,U+B0A2,2,0,10
낣,U+B0A3,2,0,11
낤,U+B0A4,2,0,12
낥,U+B0A5,2,0,13
낦,U+B0A6,2,0,14
낧,U+B0A7,2,0,15
남,U+B0A8,2,0,16
납,U+B0A9,2,0,17
낪,U+B0AA,2,0,18
낫,U+B0AB,2,0,19
났,U+B0AC,2,0,20
낭,U+B0AD,2,0,21
낮,U+B0AE,2,0,22
낯,U+B0AF,2,0,23
낰,U+B0B0,2,0,24
낱,U+B0B1,2,0,25
낲,U+B0B2,2,0,26
낳,U+B0B3,2,0,27
내,U+B0B4,2,1,0
낵,U+B0B5,2,1,1
낶,U+B0B6,2,1,2
낷,U+B0B7,2,1,3
낸,U+B0B8,2,1,4
낹,U+B0B9,2,1,5
낺,U+B0BA,2,1,6
낻,U+B0BB,2,1,7
낼,U+B0BC,2,1,8
낽,U+B0BD,2,1,9
낾,U+B0BE,2,1,10
낿,U+B0BF,2,1,11
냀,U+B0C0,2,1,12
냁,U+B0C1,2,1,13
냂,U+B0C2,2,1,14
냃,U+B0C3,2,1,15
냄,U+B0C4,2,1,16
냅,U+B0C5,2,1,17
냆,U+B0C6,2,1,18
냇,U+B0C7,2,1,19
냈,U+B0C8,2,1,20
냉,U+B0C9,2,1,21
냊,U+B0CA,2,1,22
냋,U+B0CB,2,1,23
냌,U+B0CC,2,1,24
냍,U+B0CD,2,1,25
냎,U+B0CE,2,1,26
냏,U+B0CF,2,1,27
냐,U+B0D0,2,2,0
냑,U+B0D1,2,2,1
냒,U+B0D2,2,2,2
냓,U+B0D3,2,2,3
냔,U+B0D4,2,2,4
냕,U+B0D5,2,2,5
냖,U+B0D6,2,2,6
냗,U+B0D7,2,2,7
냘,U+B0D8,2,2,8
냙,U+B0D9,2,2,9
냚,U+B0DA,2,2,10
냛,U+B0DB,2,2,11
냜,U+B0DC,2,2,12
냝,U+B0DD,2,2,13
냞,U+B0DE,2,2,14
냟,U+B0DF,2,2,15
냠,U+B0E0,2,2,16
냡,U+B0E1,2,2,17
냢,U+B0E2,2,2,18
냣,U+B0E3,2,2,19
냤,U+B0E4,2,2,20
냥,U+B0E5,2,2,21
냦,U+B0E6,2,2,22
냧,U+B0E7,2,2,23
냨,U+B0E8,2,2,24
냩,U+B0E9,2,2,25
냪,U+B0EA,2,2,26
냫,U+B0EB,2,2,27
냬,U+B0EC,2,3,0
냭,U+B0ED,2,3,1
냮,U+B0EE,2,3,2
냯,U+B0EF,2,3,3
냰,U+B0F0,2,3,4
냱,U+B0F1,2,3,5
냲,U+B0F2,2,3,6
냳,U+B0F3,2,3,7
냴,U+B0F4,2,3,8
냵,U+B0F5,2,3,9
냶,U+B0F6,2,3,10
냷,U+B0F7,2,3,11
냸,U+B0F8,2,3,12
냹,U+B0F9,2,3,13
냺,U+B0FA,2,3,14
냻,U+B0FB,2,3,15
냼,U+B0FC,2,3,16
냽,U+B0FD,2,3,17
냾,U+B0FE,2,3,18
냿,U+B0FF,2,3,19
넀,U+B100,2,3,20
넁,U+B101,2,3,21
넂,U+B102,2,3,22
넃,U+B103,2,3,23
넄,U+B104,2,3,24
넅,U+B105,2,3,25
넆,U+B106,2,3,26
넇,U+B107,2,3,27
너,U+B108,2,4,0
넉,U+B109,2,4,1
넊,U+B10A,2,4,2
넋,U+B10B,2,4,3
넌,U+B10C,2,4,4
넍,U+B10D,2,4,5
넎,U+B10E,2,4,6
넏,U+B10F,2,4,7
널,U+B110,2,4,8
넑,U+B111,2,4,9
넒,U+B112,2,4,10
넓,U+B113,2,4,11
넔,U+B114,2,4,12
넕,U+B115,2,4,13
넖,U+B116,2,4,14
넗,U+B117,2,4,15
넘,U+B118,2,4,16
넙,U+B119,2,4,17
넚,U+B11A,2,4,18
넛,U+B11B,2,4,19
넜,U+B11C,2,4,20
넝,U+B11D,2,4,21
넞,U+B11E,2,4,22
넟,U+B11F,2,4,23
넠,U+B120,2,4,24
넡,U+B121,2,4,25
넢,U+B122,2,4,26
넣,U+B123,2,4,27
네,U+B124,2,5,0
넥,U+B125,2,5,1
넦,U+B126,2,5,2
넧,U+B127,2,5,3
넨,U+B128,2,5,4
넩,U+B129,2,5,5
넪,U+B12A,2,5,6
넫,U+B12B,2,5,7
넬,U+B12C,2,5,8
넭,U+B12D,2,5,9
넮,U+B12E,2,5,10
넯,U+B12F,2,5,11
넰,U+B130,2,5,12
넱,U+B131,2,5,13
넲,U+B132,2,5,14
넳,U+B133,2,5,15
넴,U+B134,2,5,16
넵,U+B135,2,5,17
넶,U+B136,2,5,18
넷,U+B137,2,5,19
넸,U+B138,2,5,20
넹,U+B139,2,5,21
넺,U+B13A,2,5,22
넻,U+B13B,2,5,23
넼,U+B13C,2,5,24
넽,U+B13D,2,5,25
넾,U+B13E,2,5,26
넿,U+B13F,2,5,27
녀,U+B140,2,6,0
녁,U+B141,2,6,1
녂,U+B142,2,6,2
녃,U+B143,2,6,3
년,U+B144,2,6,4
녅,U+B145,2,6,5
녆,U+B146,2,6,6
녇,U+B147,2,6,7
녈,U+B148,2,6,8
녉,U+B149,2,6,9
녊,U+B14A,2,6,10
녋,U+B14B,2,6,11
녌,U+B14C,2,6,12
녍,U+B14D,2,6,13
녎,U+B14E,2,6,14
녏,U+B14F,2,6,15
념,U+B150,2,6,16
녑,U+B151,2,6,17
녒,U+B152,2,6,18
녓,U+B153,2,6,19
녔,U+B154,2,6,20
녕,U+B155,2,6,21
녖,U+B156,2,6,22
녗,U+B157,2,6,23
녘,U+B158,2,6,24
녙,U+B159,2,6,25
녚,U+B15A,2,6,26
녛,U+B15B,2,6,27
녜,U+B15C,2,7,0
녝,U+B15D,2,7,1
녞,U+B15E,2,7,2
녟,U+B15F,2,7,3
녠,U+B160,2,7,4
녡,U+B161,2,7,5
녢,U+B162,2,7,6
녣,U+B163,2,7,7
녤,U+B164,2,7,8
녥,U+B165,2,7,9
녦,U+B166,2,7,10
녧,U+B167,2,7,11
녨,U+B168,2,7,12
녩,U+B169,2,7,13
녪,U+B16A,2,7,14
녫,U+B16B,2,7,15
녬,U+B16C,2,7,16
녭,U+B16D,2,7,17
녮,U+B16E,2,7,18
녯,U+B16F,2,7,19
녰,U+B170,2,7,20
녱,U+B171,2,7,21
녲,U+B172,2,7,22
녳,U+B173,2,7,23
녴,U+B174,2,7,24
녵,U+B175,2,7,25
녶,U+B176,2,7,26
녷,U+B177,2,7,27
노,U+B178,2,8,0
녹,U+B179,2,8,1
녺,U+B17A,2,8,2
녻,U+B17B,2,8,3
논,U+B17C,2,8,4
녽,U+B17D,2,8,5
녾,U+B17E,2,8,6
녿,U+B17F,2,8,7
놀,U+B180,2,8,8
놁,U+B181,2,8,9
놂,U+B182,2,8,10
놃,U+B183,2,8,11
놄,U+B184,2,8,12
놅,U+B185,2,8,13
놆,U+B186,2,8,14
놇,U+B187,2,8,15
놈,U+B188,2,8,16
놉,U+B189,2,8,17
놊,U+B18A,2,8,18
놋,U+B18B,2,8,19
놌,U+B18C,2,8,20
농,U+B18D,2,8,21
놎,U+B18E,2,8,22
놏,U+B18F,2,8,23
놐,U+B190,2,8,24
놑,U+B191,2,8,25
높,U+B192,2,8,26
놓,U+B193,2,8,27
놔,U+B194,2,9,0
놕,U+B195,2,9,1
놖,U+B196,2,9,2
놗,U+B197,2,9,3
놘,U+B198,2,9,4
놙,U+B199,2,9,5
놚,U+B19A,2,9,6
놛,U+B19B,2,9,7
놜,U+B19C,2,9,8
놝,U+B19D,2,9,9
놞,U+B19E,2,9,10
놟,U+B19F,2,9,11
놠,U+B1A0,2,9,12
놡,U+B1A1,2,9,13
놢,U+B1A2,2,9,14
놣,U+B1A3,2,9,15
놤,U+B1A4,2,9,16
놥,U+B1A5,2,9,17
놦,U+B1A6,2,9,18
놧,U+B1A7,2,9,19
놨,U+B1A8,2,9,20
놩,U+B1A9,2,9,21
놪,U+B1AA,2,9,22
놫,U+B1AB,2,9,23
놬,U+B1AC,2,9,24
놭,U+B1AD,2,9,25
놮,U+B1AE,2,9,26
놯,U+B1AF,2,9,27
놰,U+B1B0,2,10,0
놱,U+B1B1,2,10,1
놲,U+B1B2,2,10,2
놳,U+B1B3,2,10,3
놴,U+B1B4,2,10,4
놵,U+B1B5,2,10,5
놶,U+B1B6,2,10,6
놷,U+B1B7,2,10,7
놸,U+B1B8,2,10,8
놹,U+B1B9,2,10,9
놺,U+B1BA,2,10,10
놻,U+B1BB,2,10,11
놼,U+B1BC,2,10,12
놽,U+B1BD,2,10,13
놾,U+B1BE,2,10,14
놿,U+B1BF,2,10,15
뇀,U+B1C0,2,10,16
뇁,U+B1C1,2,10,17
뇂,U+B1C2,2,10,18
뇃,U+B1C3,2,10,19
뇄,U+B1C4,2,10,20
뇅,U+B1C5,2,10,21
뇆,U+B1C6,2,10,22
뇇,U+B1C7,2,10,23
뇈,U+B1C8,2,10,24
뇉,U+B1C9,2,10,25
뇊,U+B1CA,2,10,26
뇋,U+B1CB,2,10,27
뇌,U+B1CC,2,11,0
뇍,U+B1CD,2,11,1
뇎,U+B1CE,2,11,2
뇏,U+B1CF,2,11,3
뇐,U+B1D0,2,11,4
뇑,U+B1D1,2,11,5
뇒,U+B1D2,2,11,6
뇓,U+B1D3,2,11,7
뇔,U+B1D4,2,11,8
뇕,U+B1D5,2,11,9
뇖,U+B1D6,2,11,10
뇗,U+B1D7,2,11,11
뇘,U+B1D8,2,11,12
뇙,U+B1D9,2,11,13
뇚,U+B1DA,2,11,14
뇛,U+B1DB,2,11,15
뇜,U+B1DC,2,11,16
뇝,U+B1DD,2,11,17
뇞,U+B1DE,2,11,18
뇟,U+B1DF,2,11,19
뇠,U+B1E0,2,11,20
뇡,U+B1E1,2,11,21
뇢,U+B1E2,2,11,22
뇣,U+B1E3,2,11,23
뇤,U+B1E4,2,11,24
뇥,U+B1E5,2,11,25
뇦,U+B1E6,2,11,26
뇧,U+B1E7,2,11,27
뇨,U+B1E8,2,12,0
뇩,U+B1E9,2,12,1
뇪,U+B1EA,2,12,2
뇫,U+B1EB,2,12,3
뇬,U+B1EC,2,12,4
뇭,U+B1ED,2,12,5
뇮,U+B1EE,2,12,6
뇯,U+B1EF,2,12,7
뇰,U+B1F0,2,12,8
뇱,U+B1F1,2,12,9
뇲,U+B1F2,2,12,10
뇳,U+B1F3,2,12,11
뇴,U+B1F4,2,12,12
뇵,U+B1F5,2,12,13
뇶,U+B1F6,2,12,14
뇷,U+B1F7,2,12,15
뇸,U+B1F8,2,12,16
뇹,U+B1F9,2,12,17
뇺,U+B1FA,2,12,18
뇻,U+B1FB,2,12,19
뇼,U+B1FC,2,12,20
뇽,U+B1FD,2,12,21
뇾,U+B1FE,2,12,22
뇿,U+B1FF,2,12,23
눀,U+B200,2,12,24
눁,U+B201,2,12,25
눂,U+B202,2,12,26
눃,U+B203,2,12,27
누,U+B204,2,13,0
눅,U+B205,2,13,1
눆,U+B206,2,13,2
눇,U+B207,2,13,3
눈,U+B208,2,13,4
눉,U+B209,2,13,5
눊,U+B20A,2,13,6
눋,U+B20B,2,13,7
눌,U+B20C,2,13,8
눍,U+B20D,2,13,9
눎,U+B20E,2,13,10
눏,U+B20F,2,13,11
눐,U+B210,2,13,12
눑,U+B211,2,13,13
눒,U+B212,2,13,14
눓,U+B213,2,13,15
눔,U+B214,2,13,16
눕,U+B215,2,13,17
눖,U+B216,2,13,18
눗,U+B217,2,13,19
눘,U+B218,2,13,20
눙,U+B219,2,13,21
눚,U+B21A,2,13,22
눛,U+B21B,2,13,23
눜,U+B21C,2,13,24
눝,U+B21D,2,13,25
눞,U+B21E,2,13,26
눟,U+B21F,2,13,27
눠,U+B220,2,14,0
눡,U+B221,2,14,1
눢,U+B222,2,14,2
눣,U+B223,2,14,3
눤,U+B224,2,14,4
눥,U+B225,2,14,5
눦,U+B226,2,14,6
눧,U+B227,2,14,7
눨,U+B228,2,14,8
눩,U+B229,2,14,9
눪,U+B22A,2,14,10
눫,U+B22B,2,14,11
눬,U+B22C,2,14,12
눭,U+B22D,2,14,13
눮,U+B22E,2,14,14
눯,U+B22F,2,14,15
눰,U+B230,2,14,16
눱,U+B231,2,14,17
눲,U+B232,2,14,18
눳,U+B233,2,14,19
눴,U+B234,2,14,20
눵,U+B235,2,14,21
눶,U+B236,2,14,22
눷,U+B237,2,14,23
눸,U+B238,2,14,24
눹,U+B239,2,14,25
눺,U+B23A,2,14,26
눻,U+B23B,2,14,27
눼,U+B23C,2,15,0
눽,U+B23D,2,15,1
눾,U+B23E,2,15,2
눿,U+B23F,2,15,3
뉀,U+B240,2,15,4
뉁,U+B241,2,15,5
뉂,U+B242,2,15,6
뉃,U+B243,2,15,7
뉄,U+B244,2,15,8
뉅,U+B245,2,15,9
뉆,U+B246,2,15,10
뉇,U+B247,2,15,11
뉈,U+B248,2,15,12
뉉,U+B249,2,15,13
뉊,U+B24A,2,15,14
뉋,U+B24B,2,15,15
뉌,U+B24C,2,15,16
뉍,U+B24D,2,15,17
뉎,U+B24E,2,15,18
뉏,U+B24F,2,15,19
뉐,U+B250,2,15,20
뉑,U+B251,2,15,21
뉒,U+B252,2,15,22
뉓,U+B253,2,15,23
뉔,U+B254,2,15,24
뉕,U+B255,2,15,25
뉖,U+B256,2,15,26
뉗,U+B257,2,15,27
뉘,U+B258,2,16,0
뉙,U+B259,2,16,1
뉚,U+B25A,2,16,2
뉛,U+B25B,2,16,3
뉜,U+B25C,2,16,4
뉝,U+B25D,2,16,5
뉞,U+B25E,2,16,6
뉟,U+B25F,2,16,7
뉠,U+B260,2,16,8
뉡,U+B261,2,16,9
뉢,U+B262,2,16,10
뉣,U+B263,2,16,11
뉤,U+B264,2,16,12
뉥,U+B265,2,16,13
뉦,U+B266,2,16,14
뉧,U+B267,2,16,15
뉨,U+B268,2,16,16
뉩,U+B269,2,16,17
뉪,U+B26A,2,16,18
뉫,U+B26B,2,16,19
뉬,U+B26C,2,16,20
뉭,U+B26D,2,16,21
뉮,U+B26E,2,16,22
뉯,U+B26F,2,16,23
뉰,U+B270,2,16,24
뉱,U+B271,2,16,25
뉲,U+B272,2,16,26
뉳,U+B273,2,16,27
뉴,U+B274,2,17,0
뉵,U+B275,2,17,1
뉶,U+B276,2,17,2
뉷,U+B277,2,17,3
뉸,U+B278,2,17,4
뉹,U+B279,2,17,5
뉺,U+B27A,2,17,6
뉻,U+B27B,2,17,7
뉼,U+B27C,2,17,8
뉽,U+B27D,2,17,9
뉾,U+B27E,2,17,10
뉿,U+B27F,2,17,11
늀,U+B280,2,17,12
늁,U+B281,2,17,13
늂,U+B282,2,17,14
늃,U+B283,2,17,15
늄,U+B284,2,17,16
늅,U+B285,2,17,17
늆,U+B286,2,17,18
늇,U+B287,2,17,19
늈,U+B288,2,17,20
늉,U+B289,2,17,21
늊,U+B28A,2,17,22
늋,U+B28B,2,17,23
늌,U+B28C,2,17,24
늍,U+B28D,2,17,25
늎,U+B28E,2,17,26
늏,U+B28F,2,17,27
느,U+B290,2,18,0
늑,U+B291,2,18,1
늒,U+B292,2,18,2
늓,U+B293,2,18,3
는,U+B294,2,18,4
늕,U+B295,2,18,5
늖,U+B296,2,18,6
늗,U+B297,2,18,7
늘,U+B298,2,18,8
늙,U+B299,2,18,9
늚,U+B29A,2,18,10
늛,U+B29B,2,18,11
늜,U+B29C,2,18,12
늝,U+B29D,2,18,13
늞,U+B29E,2,18,14
늟,U+B29F,2,18,15
늠,U+B2A0,2,18,16
늡,U+B2A1,2,18,17
늢,U+B2A2,2,18,18
늣,U+B2A3,2,18,19
늤,U+B2A4,2,18,20
능,U+B2A5,2,18,21
늦,U+B2A6,2,18,22
늧,U+B2A7,2,18,23
늨,U+B2A8,2,18,24
늩,U+B2A9,2,18,25
늪,U+B2AA,2,18,26
늫,U+B2AB,2,18,27
늬,U+B2AC,2,19,0
늭,U+B2AD,2,19,1
늮,U+B2AE,2,19,2
늯,U+B2AF,2,19,3
늰,U+B2B0,2,19,4
늱,U+B2B1,2,19,5
늲,U+B2B2,2,19,6
늳,U+B2B3,2,19,7
늴,U+B2B4,2,19,8
늵,U+B2B5,2,19,9
늶,U+B2B6,2,19,10
늷,U+B2B7,2,19,11
늸,U+B2B8,2,19,12
늹,U+B2B9,2,19,13
늺,U+B2BA,2,19,14
늻,U+B2BB,2,19,15
늼,U+B2BC,2,19,16
늽,U+B2BD,2,19,17
늾,U+B2BE,2,19,18
늿,U+B2BF,2,19,19
닀,U+B2C0,2,19,20
닁,U+B2C1,2,19,21
닂,U+B2C2,2,19,22
닃,U+B2C3,2,19,23
닄,U+B2C4,2,19,24
닅,U+B2C5,2,19,25
닆,U+B2C6,2,19,26
닇,U+B2C7,2,19,27
니,U+B2C8,2,20,0
닉,U+B2C9,2,20,1
닊,U+B2CA,2,20,2
닋,U+B2CB,2,20,3
닌,U+B2CC,2,20,4
닍,U+B2CD,2,20,5
닎,U+B2CE,2,20,6
닏,U+B2CF,2,20,7
닐,U+B2D0,2,20,8
닑,U+B2D1,2,20,9
닒,U+B2D2,2,20,10
닓,U+B2D3,2,20,11
닔,U+B2D4,2,20,12
닕,U+B2D5,2,20,13
닖,U+B2D6,2,20,14
닗,U+B2D7,2,20,15
님,U+B2D8,2,20,16
닙,U+B2D9,2,20,17
닚,U+B2DA,2,20,18
닛,U+B2DB,2,20,19
닜,U+B2DC,2,20,20
닝,U+B2DD,2,20,21
닞,U+B2DE,2,20,22
닟,U+B2DF,2,20,23
닠,U+B2E0,2,20,24
닡,U+B2E1,2,20,25
닢,U+B2E2,2,20,26
닣,U+B2E3,2,20,27
다,U+B2E4,3,0,0
닥,U+B2E5,3,0,1
닦,U+B2E6,3,0,2
닧,U+B2E7,3,0,3
단,U+B2E8,3,0,4
닩,U+B2E9,3,0,5
닪,U+B2EA,3,0,6
닫,U+B2EB,3,0,7
달,U+B2EC,3,0,8
닭,U+B2ED,3,0,9
닮,U+B2EE,3,0,10
닯,U+B2EF,3,0,11
닰,U+B2F0,3,0,12
닱,U+B2F1,3,0,13
닲,U+B2F2,3,0,14
닳,U+B2F3,3,0,15
담,U+B2F4,3,0,16
답,U+B2F5,3,0,17
닶,U+B2F6,3,0,18
닷,U+B2F7,3,0,19
닸,U+B2F8,3,0,20
당,U+B2F9,3,0,21
닺,U+B2FA,3,0,22
닻,U+B2FB,3,0,23
닼,U+B2FC,3,0,24
닽,U+B2FD,3,0,25
닾,U+B2FE,3,0,26
닿,U+B2FF,3,0,27
대,U+B300,3,1,0
댁,U+B301,3,1,1
댂,U+B302,3,1,2
댃,U+B303,3,1,3
댄,U+B304,3,1,4
댅,U+B305,3,1,5
댆,U+B306,3,1,6
댇,U+B307,3,1,7
댈,U+B308,3,1,8
댉,U+B309,3,1,9
댊,U+B30A,3,1,10
댋,U+B30B,3,1,11
댌,U+B30C,3,1,12
댍,U+B30D,3,1,13
댎,U+B30E,3,1,14
댏,U+B30F,3,1,15
댐,U+B310,3,1,16
댑,U+B311,3,1,17
댒,U+B312,3,1,18
댓,U+B313,3,1,19
댔,U+B314,3,1,20
댕,U+B315,3,1,21
댖,U+B316,3,1,22
댗,U+B317,3,1,23
댘,U+B318,3,1,24
댙,U+B319,3,1,25
댚,U+B31A,3,1,26
댛,U+B31B,3,1,27
댜,U+B31C,3,2,0
댝,U+B31D,3,2,1
댞,U+B31E,3,2,2
댟,U+B31F,3,2,3
댠,U+B320,3,2,4
댡,U+B321,3,2,5
댢,U+B322,3,2,6
댣,U+B323,3,2,7
댤,U+B324,3,2,8
댥,U+B325,3,2,9
댦,U+B326,3,2,10
댧,U+B327,3,2,11
댨,U+B328,3,2,12
댩,U+B329,3,2,13
댪,U+B32A,3,2,14
댫,U+B32B,3,2,15
댬,U+B32C,3,2,16
댭,U+B32D,3,2,17
댮,U+B32E,3,2,18
댯,U+B32F,3,2,19
댰,U+B330,3,2,20
댱,U+B331,3,2,21
댲,U+B332,3,2,22
댳,U+B333,3,2,23
댴,U+B334,3,2,24
댵,U+B335,3,2,25
댶,U+B336,3,2,26
댷,U+B337,3,2,27
댸,U+B338,3,3,0
댹,U+B339,3,3,1
댺,U+B33A,3,3,2
댻,U+B33B,3,3,3
댼,U+B33C,3,3,4
댽,U+B33D,3,3,5
댾,U+B33E,3,3,6
댿,U+B33F,3,3,7
덀,U+B340,3,3,8
덁,U+B341,3,3,9
덂,U+B342,3,3,10
덃,U+B343,3,3,11
덄,U+B344,3,3,12
덅,U+B345,3,3,13
덆,U+B346,3,3,14
덇,U+B347,3,3,15
덈,U+B348,3,3,16
덉,U+B349,3,3,17
덊,U+B34A,3,3,18
덋,U+B34B,3,3,19
덌,U+B34C,3,3,20
덍,U+B34D,3,3,21
덎,U+B34E,3,3,22
덏,U+B34F,3,3,23
덐,U+B350,3,3,24
덑,U+B351,3,3,25
덒,U+B352,3,3,26
덓,U+B353,3,3,27
더,U+B354,3,4,0
덕,U+B355,3,4,1
덖,U+B356,3,4,2
덗,U+B357,3,4,3
던,U+B358,3,4,4
덙,U+B359,3,4,5
덚,U+B35A,3,4,6
덛,U+B35B,3,4,7
덜,U+B35C,3,4,8
덝,U+B35D,3,4,9
덞,U+B35E,3,4,10
덟,U+B35F,3,4,11
덠,U+B360,3,4,12
덡,U+B361,3,4,13
덢,U+B362,3,4,14
덣,U+B363,3,4,15
덤,U+B364,3,4,16
덥,U+B365,3,4,17
덦,U+B366,3,4,18
덧,U+B367,3,4,19
덨,U+B368,3,4,20
덩,U+B369,3,4,21
덪,U+B36A,3,4,22
덫,U+B36B,3,4,23
덬,U+B36C,3,4,24
덭,U+B36D,3,4,25
덮,U+B36E,3,4,26
덯,U+B36F,3,4,27
데,U+B370,3,5,0
덱,U+B371,3,5,1
덲,U+B372,3,5,2
덳,U+B373,3,5,3
덴,U+B374,3,5,4
덵,U+B375,3,5,5
덶,U+B376,3,5,6
덷,U+B377,3,5,7
델,U+B378,3,5,8
덹,U+B379,3,5,9
덺,U+B37A,3,5,10
덻,U+B37B,3,5,11
덼,U+B37C,3,5,12
덽,U+B37D,3,5,13
덾,U+B37E,3,5,14
덿,U+B37F,3,5,15
뎀,U+B380,3,5,16
뎁,U+B381,3,5,17
뎂,U+B382,3,5,18
뎃,U+B383,3,5,19
뎄,U+B384,3,5,20
뎅,U+B385,3,5,21
뎆,U+B386,3,5,22
뎇,U+B387,3,5,23
뎈,U+B388,3,5,24
뎉,U+B389,3,5,25
뎊,U+B38A,3,5,26
뎋,U+B38B,3,5,27
뎌,U+B38C,3,6,0
뎍,U+B38D,3,6,1
뎎,U+B38E,3,6,2
뎏,U+B38F,3,6,3
뎐,U+B390,3,6,4
뎑,U+B391,3,6,5
뎒,U+B392,3,6,6
뎓,U+B393,3,6,7
뎔,U+B394,3,6,8
뎕,U+B395,3,6,9
뎖,U+B396,3,6,10
뎗,U+B397,3,6,11
뎘,U+B398,3,6,12
뎙,U+B399,3,6,13
뎚,U+B39A,3,6,14
뎛,U+B39B,3,6,15
뎜,U+B39C,3,6,16
뎝,U+B39D,3,6,17
뎞,U+B39E,3,6,18
뎟,U+B39F,3,6,19
뎠,U+B3A0,3,6,20
뎡,U+B3A1,3,6,21
뎢,U+B3A2,3,6,22
뎣,U+B3A3,3,6,23
뎤,U+B3A4,3,6,24
뎥,U+B3A5,3,6,25
뎦,U+B3A6,3,6,26
뎧,U+B3A7,3,6,27
뎨,U+B3A8,3,7,0
뎩,U+B3A9,3,7,1
뎪,U+B3AA,3,7,2
뎫,U+B3AB,3,7,3
뎬,U+B3AC,3,7,4
뎭,U+B3AD,3,7,5
뎮,U+B3AE,3,7,6
뎯,U+B3AF,3,7,7
뎰,U+B3B0,3,7,8
뎱,U+B3B1,3,7,9
뎲,U+B3B2,3,7,10
뎳,U+B3B3,3,7,11
뎴,U+B3B4,3,7,12
뎵,U+B3B5,3,7,13
뎶,U+B3B6,3,7,14
뎷,U+B3B7,3,7,15
뎸,U+B3B8,3,7,16
뎹,U+B3B9,3,7,17
뎺,U+B3BA,3,7,18
뎻,U+B3BB,3,7,19
뎼,U+B3BC,3,7,20
뎽,U+B3BD,3,7,21
뎾,U+B3BE,3,7,22
뎿,U+B3BF,3,7,23
돀,U+B3C0,3,7,24
돁,U+B3C1,3,7,25
돂,U+B3C2,3,7,26
돃,U+B3C3,3,7,27
도,U+B3C4,3,8,0
독,U+B3C5,3,8,1
돆,U+B3C6,3,8,2
돇,U+B3C7,3,8,3
돈,U+B3C8,3,8,4
돉,U+B3C9,3,8,5
돊,U+B3CA,3,8,6
돋,U+B3CB,3,8,7
돌,U+B3CC,3,8,8
돍,U+B3CD,3,8,9
돎,U+B3CE,3,8,10
돏,U+B3CF,3,8,11
돐,U+B3D0,3,8,12
돑,U+B3D1,3,8,13
돒,U+B3D2,3,8,14
돓,U+B3D3,3,8,15
돔,U+B3D4,3,8,16
돕,U+B3D5,3,8,17
돖,U+B3D6,3,8,18
돗,U+B3D7,3,8,19
돘,U+B3D8,3,8,20
동,U+B3D9,3,8,21
돚,U+B3DA,3,8,22
돛,U+B3DB,3,8,23
돜,U+B3DC,3,8,24
돝,U+B3DD,3,8,25
돞,U+B3DE,3,8,26
돟,U+B3DF,3,8,27
돠,U+B3E0,3,9,0
돡,U+B3E1,3,9,1
돢,U+B3E2,3,9,2
돣,U+B3E3,3,9,3
돤,U+B3E4,3,9,4
돥,U+B3E5,3,9,5
돦,U+B3E6,3,9,6
돧,U+B3E7,3,9,7
돨,U+B3E8,3,9,8
돩,U+B3E9,3,9,9
돪,U+B3EA,3,9,10
돫,U+B3EB,3,9,11
돬,U+B3EC,3,9,12
돭,U+B3ED,3,9,13
돮,U+B3EE,3,9,14
돯,U+B3EF,3,9,15
돰,U+B3F0,3,9,16
돱,U+B3F1,3,9,17
돲,U+B3F2,3,9,18
돳,U+B3F3,3,9,19
돴,U+B3F4,3,9,20
돵,U+B3F5,3,9,21
돶,U+B3F6,3,9,22
돷,U+B3F7,3,9,23
돸,U+B3F8,3,9,24
돹,U+B3F9,3,9,25
돺,U+B3FA,3,9,26
돻,U+B3FB,3,9,27
돼,U+B3FC,3,10,0
돽,U+B3FD,3,10,1
돾,U+B3FE,3,10,2
돿,U+B3FF,3,10,3
됀,U+B400,3,10,4
됁,U+B401,3,10,5
됂,U+B402,3,10,6
됃,U+B403,3,10,7
됄,U+B404,3,10,8
됅,U+B405,3,10,9
됆,U+B406,3,10,10
됇,U+B407,3,10,11
됈,U+B408,3,10,12
됉,U+B409,3,10,13
됊,U+B40A,3,10,14
됋,U+B40B,3,10,15
됌,U+B40C,3,10,16
됍,U+B40D,3,10,17
됎,U+B40E,3,10,18
됏,U+B40F,3,10,19
됐,U+B410,3,10,20
됑,U+B411,3,10,21
됒,U+B412,3,10,22
됓,U+B413,3,10,23
됔,U+B414,3,10,24
됕,U+B415,3,10,25
됖,U+B416,3,10,26
됗,U+B417,3,10,27
되,U+B418,3,11,0
됙,U+B419,3,11,1
됚,U+B41A,3,11,2
됛,U+B41B,3,11,3
된,U+B41C,3,11,4
됝,U+B41D,3,11,5
됞,U+B41E,3,11,6
됟,U+B41F,3,11,7
될,U+B420,3,11,8
됡,U+B421,3,11,9
됢,U+B422,3,11,10
됣,U+B423,3,11,11
됤,U+B424,3,11,12
됥,U+B425,3,11,13
됦,U+B426,3,11,14
됧,U+B427,3,11,15
됨,U+B428,3,11,16
됩,U+B429,3,11,17
됪,U+B42A,3,11,18
됫,U+B42B,3,11,19
됬,U+B42C,3,11,20
됭,U+B42D,3,11,21
됮,U+B42E,3,11,22
됯,U+B42F,3,11,23
됰,U+B430,3,11,24
됱,U+B431,3,11,25
됲,U+B432,3,11,26
됳,U+B433,3,11,27
됴,U+B434,3,12,0
됵,U+B435,3,12,1
됶,U+B436,3,12,2
됷,U+B437,3,12,3
됸,U+B438,3,12,4
됹,U+B439,3,12,5
됺,U+B43A,3,12,6
됻,U+B43B,3,12,7
됼,U+B43C,3,12,8
됽,U+B43D,3,12,9
됾,U+B43E,3,12,10
됿,U+B43F,3,12,11
둀,U+B440,3,12,12
둁,U+B441,3,12,13
둂,U+B442,3,12,14
둃,U+B443,3,12,15
둄,U+B444,3,12,16
둅,U+B445,3,12,17
둆,U+B446,3,12,18
둇,U+B447,3,12,19
둈,U+B448,3,12,20
둉,U+B449,3,12,21
둊,U+B44A,3,12,22
둋,U+B44B,3,12,23
둌,U+B44C,3,12,24
둍,U+B44D,3,12,25
둎,U+B44E,3,12,26
둏,U+B44F,3,12,27
두,U+B450,3,13,0
둑,U+B451,3,13,1
둒,U+B452,3,13,2
둓,U+B453,3,13,3
둔,U+B454,3,13,4
둕,U+B455,3,13,5
둖,U+B456,3,13,6
둗,U+B457,3,13,7
둘,U+B458,3,13,8
둙,U+B459,3,13,9
둚,U+B45A,3,13,10
둛,U+B45B,3,13,11
둜,U+B45C,3,13,12
둝,U+B45D,3,13,13
둞,U+B45E,3,13,14
둟,U+B45F,3,13,15
둠,U+B460,3,13,16
둡,U+B461,3,13,17
둢,U+B462,3,13,18
둣,U+B463,3,13,19
둤,U+B464,3,13,20
둥,U+B465,3,13,21
둦,U+B466,3,13,22
둧,U+B467,3,13,23
둨,U+B468,3,13,24
둩,U+B469,3,13,25
둪,U+B46A,3,13,26
둫,U+B46B,3,13,27
둬,U+B46C,3,14,0
둭,U+B46D,3,14,1
둮,U+B46E,3,14,2
둯,U+B46F,3,14,3
둰,U+B470,3,14,4
둱,U+B471,3,14,5
둲,U+B472,3,14,6
둳,U+B473,3,14,7
둴,U+B474,3,14,8
둵,U+B475,3,14,9
둶,U+B476,3,14,10
둷,U+B477,3,14,11
둸,U+B478,3,14,12
둹,U+B479,3,14,13
둺,U+B47A,3,14,14
둻,U+B47B,3,14,15
둼,U+B47C,3,14,16
둽,U+B47D,3,14,17
둾,U+B47E,3,14,18
둿,U+B47F,3,14,19
뒀,U+B480,3,14,20
뒁,U+B481,3,14,21
뒂,U+B482,3,14,22
뒃,U+B483,3,14,23
뒄,U+B484,3,14,24
뒅,U+B485,3,14,25
뒆,U+B486,3,14,26
뒇,U+B487,3,14,27
뒈,U+B488,3,15,0
뒉,U+B489,3,15,1
뒊,U+B48A,3,15,2
뒋,U+B48B,3,15,3
뒌,U+B48C,3,15,4
뒍,U+B48D,3,15,5
뒎,U+B48E,3,15,6
뒏,U+B48F,3,15,7
뒐,U+B490,3,15,8
뒑,U+B491,3,15,9
뒒,U+B492,3,15,10
뒓,U+B493,3,15,11
뒔,U+B494,3,15,12
뒕,U+B495,3,15,13
뒖,U+B496,3,15,14
뒗,U+B497,3,15,15
뒘,U+B498,3,15,16
뒙,U+B499,3,15,17
뒚,U+B49A,3,15,18
뒛,U+B49B,3,15,19
뒜,U+B49C,3,15,20
뒝,U+B49D,3,15,21
뒞,U+B49E,3,15,22
뒟,U+B49F,3,15,23
뒠,U+B4A0,3,15,24
뒡,U+B4A1,3,15,25
뒢,U+B4A2,3,15,26
뒣,U+B4A3,3,15,27
뒤,U+B4A4,3,16,0
뒥,U+B4A5,3,16,1
뒦,U+B4A6,3,16,2
뒧,U+B4A7,3,16,3
뒨,U+B4A8,3,16,4
뒩,U+B4A9,3,16,5
뒪,U+B4AA,3,16,6
뒫,U+B4AB,3,16,7
뒬,U+B4AC,3,16,8
뒭,U+B4AD,3,16,9
뒮,U+B4AE,3,16,10
뒯,U+B4AF,3,16,11
뒰,U+B4B0,3,16,12
뒱,U+B4B1,3,16,13
뒲,U+B4B2,3,16,14
뒳,U+B4B3,3,16,15
뒴,U+B4B4,3,16,16
뒵,U+B4B5,3,16,17
뒶,U+B4B6,3,16,18
뒷,U+B4B7,3,16,19
뒸,U+B4B8,3,16,20
뒹,U+B4B9,3,16,21
뒺,U+B4BA,3,16,22
뒻,U+B4BB,3,16,23
뒼,U+B4BC,3,16,24
뒽,U+B4BD,3,16,25
뒾,U+B4BE,3,16,26
뒿,U+B4BF,3,16,27
듀,U+B4C0,3,17,0
듁,U+B4C1,3,17,1
듂,U+B4C2,3,17,2
듃,U+B4C3,3,17,3
듄,U+B4C4,3,17,4
듅,U+B4C5,3,17,5
듆,U+B4C6,3,17,6
듇,U+B4C7,3,17,7
듈,U+B4C8,3,17,8
듉,U+B4C9,3,17,9
듊,U+B4CA,3,17,10
듋,U+B4CB,3,17,11
듌,U+B4CC,3,17,12
듍,U+B4CD,3,17,13
듎,U+B4CE,3,17,14
듏,U+B4CF,3,17,15
듐,U+B4D0,3,17,16
듑,U+B4D1,3,17,17
듒,U+B4D2,3,17,18
듓,U+B4D3,3,17,19
듔,U+B4D4,3,17,20
듕,U+B4D5,3,17,21
듖,U+B4D6,3,17,22
듗,U+B4D7,3,17,23
듘,U+B4D8,3,17,24
듙,U+B4D9,3,17,25
듚,U+B4DA,3,17,26
듛,U+B4DB,3,17,27
드,U+B4DC,3,18,0
득,U+B4DD,3,18,1
듞,U+B4DE,3,18,2
듟,U+B4DF,3,18,3
든,U+B4E0,3,18,4
듡,U+B4E1,3,18,5
듢,U+B4E2,3,18,6
듣,U+B4E3,3,18,7
들,U+B4E4,3,18,8
듥,U+B4E5,3,18,9
듦,U+B4E6,3,18,10
듧,U+B4E7,3,18,11
듨,U+B4E8,3,18,12
듩,U+B4E9,3,18,13
듪,U+B4EA,3,18,14
듫,U+B4EB,3,18,15
듬,U+B4EC,3,18,16
듭,U+B4ED,3,18,17
듮,U+B4EE,3,18,18
듯,U+B4EF,3,18,19
듰,U+B4F0,3,18,20
등,U+B4F1,3,18,21
듲,U+B4F2,3,18,22
듳,U+B4F3,3,18,23
듴,U+B4F4,3,18,24
듵,U+B4F5,3,18,25
듶,U+B4F6,3,18,26
듷,U+B4F7,3,18,27
듸,U+B4F8,3,19,0
듹,U+B4F9,3,19,1
듺,U+B4FA,3,19,2
듻,U+B4FB,3,19,3
듼,U+B4FC,3,19,4
듽,U+B4FD,3,19,5
듾,U+B4FE,3,19,6
듿,U+B4FF,3,19,7
딀,U+B500,3,19,8
딁,U+B501,3,19,9
딂,U+B502,3,19,10
딃,U+B503,3,19,11
딄,U+B504,3,19,12
딅,U+B505,3,19,13
딆,U+B506,3,19,14
딇,U+B507,3,19,15
딈,U+B508,3,19,16
딉,U+B509,3,19,17
딊,U+B50A,3,19,18
딋,U+B50B,3,19,19
딌,U+B50C,3,19,20
딍,U+B50D,3,19,21
딎,U+B50E,3,19,22
딏,U+B50F,3,19,23
딐,U+B510,3,19,24
딑,U+B511,3,19,25
딒,U+B512,3,19,26
딓,U+B513,3,19,27
디,U+B514,3,20,0
딕,U+B515,3,20,1
딖,U+B516,3,20,2
딗,U+B517,3,20,3
딘,U+B518,3,20,4
딙,U+B519,3,20,5
딚,U+B51A,3,20,6
딛,U+B51B,3,20,7
딜,U+B51C,3,20,8
딝,U+B51D,3,20,9
딞,U+B51E,3,20,10
딟,U+B51F,3,20,11
딠,U+B520,3,20,12
딡,U+B521,3,20,13
딢,U+B522,3,20,14
딣,U+B523,3,20,15
딤,U+B524,3,20,16
딥,U+B525,3,20,17
딦,U+B526,3,20,18
딧,U+B527,3,20,19
딨,U+B528,3,20,20
딩,U+B529,3,20,21
딪,U+B52A,3,20,22
딫,U+B52B,3,20,23
딬,U+B52C,3,20,24
딭,U+B52D,3,20,25
딮,U+B52E,3,20,26
딯,U+B52F,3,20,27
따,U+B530,4,0,0
딱,U+B531,4,0,1
딲,U+B532,4,0,2
딳,U+B533,4,0,3
딴,U+B534,4,0,4
딵,U+B535,4,0,5
딶,U+B536,4,0,6
딷,U+B537,4,0,7
딸,U+B538,4,0,8
딹,U+B539,4,0,9
딺,U+B53A,4,0,10
딻,U+B53B,4,0,11
딼,U+B53C,4,0,12
딽,U+B53D,4,0,13
딾,U+B53E,4,0,14
딿,U+B53F,4,0,15
땀,U+B540,4,0,16
땁,U+B541,4,0,17
땂,U+B542,4,0,18
땃,U+B543,4,0,19
땄,U+B544,4,0,20
땅,U+B545,4,0,21
땆,U+B546,4,0,22
땇,U+B547,4,0,23
땈,U+B548,4,0,24
땉,U+B549,4,0,25
땊,U+B54A,4,0,26
땋,U+B54B,4,0,27
때,U+B54C,4,1,0
땍,U+B54D,4,1,1
땎,U+B54E,4,1,2
땏,U+B54F,4,1,3
땐,U+B550,4,1,4
땑,U+B551,4,1,5
땒,U+B552,4,1,6
땓,U+B553,4,1,7
땔,U+B554,4,1,8
땕,U+B555,4,1,9
땖,U+B556,4,1,10
땗,U+B557,4,1,11
땘,U+B558,4,1,12
땙,U+B559,4,1,13
땚,U+B55A,4,1,14
땛,U+B55B,4,1,15
땜,U+B55C,4,1,16
땝,U+B55D,4,1,17
땞,U+B55E,4,1,18
땟,U+B55F,4,1,19
땠,U+B560,4,1,20
땡,U+B561,4,1,21
땢,U+B562,4,1,22
땣,U+B563,4,1,23
땤,U+B564,4,1,24
땥,U+B565,4,1,25
땦,U+B566,4,1,26
땧,U+B567,4,1,27
땨,U+B568,4,2,0
땩,U+B569,4,2,1
땪,U+B56A,4,2,2
땫,U+B56B,4,2,3
땬,U+B56C,4,2,4
땭,U+B56D,4,2,5
땮,U+B56E,4,2,6
땯,U+B56F,4,2,7
땰,U+B570,4,2,8
땱,U+B571,4,2,9
땲,U+B572,4,2,10
땳,U+B573,4,2,11
땴,U+B574,4,2,12
땵,U+B575,4,2,13
땶,U+B576,4,2,14
땷,U+B577,4,2,15
땸,U+B578,4,2,16
땹,U+B579,4,2,17
땺,U+B57A,4,2,18
땻,U+B57B,4,2,19
땼,U+B57C,4,2,20
땽,U+B57D,4,2,21
땾,U+B57E,4,2,22
땿,U+B57F,4,2,23
떀,U+B580,4,2,24
떁,U+B581,4,2,25
떂,U+B582,4,2,26
떃,U+B583,4,2,27
떄,U+B584,4,3,0
떅,U+B585,4,3,1
떆,U+B586,4,3,2
떇,U+B587,4,3,3
떈,U+B588,4,3,4
떉,U+B589,4,3,5
떊,U+B58A,4,3,6
떋,U+B58B,4,3,7
떌,U+B58C,4,3,8
떍,U+B58D,4,3,9
떎,U+B58E,4,3,10
떏,U+B58F,4,3,11
떐,U+B590,4,3,12
떑,U+B591,4,3,13
떒,U+B592,4,3,14
떓,U+B593,4,3,15
떔,U+B594,4,3,16
떕,U+B595,4,3,17
떖,U+B596,4,3,18
떗,U+B597,4,3,19
떘,U+B598,4,3,20
떙,U+B599,4,3,21
떚,U+B59A,4,3,22
떛,U+B59B,4,3,23
떜,U+B59C,4,3,24
떝,U+B59D,4,3,25
떞,U+B59E,4,3,26
떟,U+B59F,4,3,27
떠,U+B5A0,4,4,0
떡,U+B5A1,4,4,1
떢,U+B5A2,4,4,2
떣,U+B5A3,4,4,3
떤,U+B5A4,4,4,4
떥,U+B5A5,4,4,5
떦,U+B5A6,4,4,6
떧,U+B5A7,4,4,7
떨,U+B5A8,4,4,8
떩,U+B5A9,4,4,9
떪,U+B5AA,4,4,10
떫,U+B5AB,4,4,11
떬,U+B5AC,4,4,12
떭,U+B5AD,4,4,13
떮,U+B5AE,4,4,14
떯,U+B5AF,4,4,15
떰,U+B5B0,4,4,16
떱,U+B5B1,4,4,17
떲,U+B5B2,4,4,18
떳,U+B5B3,4,4,19
떴,U+B5B4,4,4,20
떵,U+B5B5,4,4,21
떶,U+B5B6,4,4,22
떷,U+B5B7,4,4,23
떸,U+B5B8,4,4,24
떹,U+B5B9,4,4,25
떺,U+B5BA,4,4,26
떻,U+B5BB,4,4,27
떼,U+B5BC,4,5,0
떽,U+B5BD,4,5,1
떾,U+B5BE,4,5,2
떿,U+B5BF,4,5,3
뗀,U+B5C0,4,5,4
뗁,U+B5C1,4,5,5
뗂,U+B5C2,4,5,6
뗃,U+B5C3,4,5,7
뗄,U+B5C4,4,5,8
뗅,U+B5C5,4,5,9
뗆,U+B5C6,4,5,10
뗇,U+B5C7,4,5,11
뗈,U+B5C8,4,5,12
뗉,U+B5C9,4,5,13
뗊,U+B5CA,4,5,14
뗋,U+B5CB,4,5,15
뗌,U+B5CC,4,5,16
뗍,U+B5CD,4,5,17
뗎,U+B5CE,4,5,18
뗏,U+B5CF,4,5,19
뗐,U+B5D0,4,5,20
뗑,U+B5D1,4,5,21
뗒,U+B5D2,4,5,22
뗓,U+B5D3,4,5,23
뗔,U+B5D4,4,5,24
뗕,U+B5D5,4,5,25
뗖,U+B5D6,4,5,26
뗗,U+B5D7,4,5,27
뗘,U+B5D8,4,6,0
뗙,U+B5D9,4,6,1
뗚,U+B5DA,4,6,2
뗛,U+B5DB,4,6,3
뗜,U+B5DC,4,6,4
뗝,U+B5DD,4,6,5
뗞,U+B5DE,4,6,6
뗟,U+B5DF,4,6,7
뗠,U+B5E0,4,6,8
뗡,U+B5E1,4,6,9
뗢,U+B5E2,4,6,10
뗣,U+B5E3,4,6,11
뗤,U+B5E4,4,6,12
뗥,U+B5E5,4,6,13
뗦,U+B5E6,4,6,14
뗧,U+B5E7,4,6,15
뗨,U+B5E8,4,6,16
뗩,U+B5E9,4,6,17
뗪,U+B5EA,4,6,18
뗫,U+B5EB,4,6,19
뗬,U+B5EC,4,6,20
뗭,U+B5ED,4,6,21
뗮,U+B5EE,4,6,22
뗯,U+B5EF,4,6,23
뗰,U+B5F0,4,6,24
뗱,U+B5F1,4,6,25
뗲,U+B5F2,4,6,26
뗳,U+B5F3,4,6,27
뗴,U+B5F4,4,7,0
뗵,U+B5F5,4,7,1
뗶,U+B5F6,4,7,2
뗷,U+B5F7,4,7,3
뗸,U+B5F8,4,7,4
뗹,U+B5F9,4,7,5
뗺,U+B5FA,4,7,6
뗻,U+B5FB,4,7,7
뗼,U+B5FC,4,7,8
뗽,U+B5FD,4,7,9
뗾,U+B5FE,4,7,10
뗿,U+B5FF,4,7,11
똀,U+B600,4,7,12
똁,U+B601,4,7,13
똂,U+B602,4,7,14
똃,U+B603,4,7,15
똄,U+B604,4,7,16
똅,U+B605,4,7,17
똆,U+B606,4,7,18
똇,U+B607,4,7,19
똈,U+B608,4,7,20
똉,U+B609,4,7,21
똊,U+B60A,4,7,22
똋,U+B60B,4,7,23
똌,U+B60C,4,7,24
똍,U+B60D,4,7,25
똎,U+B60E,4,7,26
똏,U+B60F,4,7,27
또,U+B610,4,8,0
똑,U+B611,4,8,1
똒,U+B612,4,8,2
똓,U+B613,4,8,3
똔,U+B614,4,8,4
똕,U+B615,4,8,5
똖,U+B616,4,8,6
똗,U+B617,4,8,7
똘,U+B618,4,8,8
똙,U+B619,4,8,9
똚,U+B61A,4,8,10
똛,U+B61B,4,8,11
똜,U+B61C,4,8,12
똝,U+B61D,4,8,13
똞,U+B61E,4,8,14
똟,U+B61F,4,8,15
똠,U+B620,4,8,16
똡,U+B621,4,8,17
똢,U+B622,4,8,18
똣,U+B623,4,8,19
똤,U+B624,4,8,20
똥,U+B625,4,8,21
똦,U+B626,4,8,22
똧,U+B627,4,8,23
똨,U+B628,4,8,24
똩,U+B629,4,8,25
똪,U+B62A,4,8,26
똫,U+B62B,4,8,27
똬,U+B62C,4,9,0
똭,U+B62D,4,9,1
똮,U+B62E,4,9,2
똯,U+B62F,4,9,3
똰,U+B630,4,9,4
똱,U+B631,4,9,5
똲,U+B632,4,9,6
똳,U+B633,4,9,7
똴,U+B634,4,9,8
똵,U+B635,4,9,9
똶,U+B636,4,9,10
똷,U+B637,4,9,11
똸,U+B638,4,9,12
똹,U+B639,4,9,13
똺,U+B63A,4,9,14
똻,U+B63B,4,9,15
똼,U+B63C,4,9,16
똽,U+B63D,4,9,17
똾,U+B63E,4,9,18
똿,U+B63F,4,9,19
뙀,U+B640,4,9,20
뙁,U+B641,4,9,21
뙂,U+B642,4,9,22
뙃,U+B643,4,9,23
뙄,U+B644,4,9,24
뙅,U+B645,4,9,25
뙆,U+B646,4,9,26
뙇,U+B647,4,9,27
뙈,U+B648,4,10,0
뙉,U+B649,4,10,1
뙊,U+B64A,4,10,2
뙋,U+B64B,4,10,3
뙌,U+B64C,4,10,4
뙍,U+B64D,4,10,5
뙎,U+B64E,4,10,6
뙏,U+B64F,4,10,7
뙐,U+B650,4,10,8
뙑,U+B651,4,10,9
뙒,U+B652,4,10,10
뙓,U+B653,4,10,11
뙔,U+B654,4,10,12
뙕,U+B655,4,10,13
뙖,U+B656,4,10,14
뙗,U+B657,4,10,15
뙘,U+B658,4,10,16
뙙,U+B659,4,10,17
뙚,U+B65A,4,10,18
뙛,U+B65B,4,10,19
뙜,U+B65C,4,10,20
뙝,U+B65D,4,10,21
뙞,U+B65E,4,10,22
뙟,U+B65F,4,10,23
뙠,U+B660,4,10,24
뙡,U+B661,4,10,25
뙢,U+B662,4,10,26
뙣,U+B663,4,10,27
뙤,U+B664,4,11,0
뙥,U+B665,4,11,1
뙦,U+B666,4,11,2
뙧,U+B667,4,11,3
뙨,U+B668,4,11,4
뙩,U+B669,4,11,5
뙪,U+B66A,4,11,6
뙫,U+B66B,4,11,7
뙬,U+B66C,4,11,8
뙭,U+B66D,4,11,9
뙮,U+B66E,4,11,10
뙯,U+B66F,4,11,11
뙰,U+B670,4,11,12
뙱,U+B671,4,11,13
뙲,U+B672,4,11,14
뙳,U+B673,4,11,15
뙴,U+B674,4,11,16
뙵,U+B675,4,11,17
뙶,U+B676,4,11,18
뙷,U+B677,4,11,19
뙸,U+B678,4,11,20
뙹,U+B679,4,11,21
뙺,U+B67A,4,11,22
뙻,U+B67B,4,11,23
뙼,U+B67C,4,11,24
뙽,U+B67D,4,11,25
뙾,U+B67E,4,11,26
뙿,U+B67F,4,11,27
뚀,U+B680,4,12,0
뚁,U+B681,4,12,1
뚂,U+B682,4,12,2
뚃,U+B683,4,12,3
뚄,U+B684,4,12,4
뚅,U+B685,4,12,5
뚆,U+B686,4,12,6
뚇,U+B687,4,12,7
뚈,U+B688,4,12,8
뚉,U+B689,4,12,9
뚊,U+B68A,4,12,10
뚋,U+B68B,4,12,11
뚌,U+B68C,4,12,12
뚍,U+B68D,4,12,13
뚎,U+B68E,4,12,14
뚏,U+B68F,4,12,15
뚐,U+B690,4,12,16
뚑,U+B691,4,12,17
뚒,U+B692,4,12,18
뚓,U+B693,4,12,19
뚔,U+B694,4,12,20
뚕,U+B695,4,12,21
뚖,U+B696,4,12,22
뚗,U+B697,4,12,23
뚘,U+B698,4,12,24
뚙,U+B699,4,12,25
뚚,U+B69A,4,12,26
뚛,U+B69B,4,12,27
뚜,U+B69C,4,13,0
뚝,U+B69D,4,13,1
뚞,U+B69E,4,13,2
뚟,U+B69F,4,13,3
뚠,U+B6A0,4,13,4
뚡,U+B6A1,4,13,5
뚢,U+B6A2,4,13,6
뚣,U+B6A3,4,13,7
뚤,U+B6A4,4,13,8
뚥,U+B6A5,4,13,9
뚦,U+B6A6,4,13,10
뚧,U+B6A7,4,13,11
뚨,U+B6A8,4,13,12
뚩,U+B6A9,4,13,13
뚪,U+B6AA,4,13,14
뚫,U+B6AB,4,13,15
뚬,U+B6AC,4,13,16
뚭,U+B6AD,4,13,17
뚮,U+B6AE,4,13,18
뚯,U+B6AF,4,13,19
뚰,U+B6B0,4,13,20
뚱,U+B6B1,4,13,21
뚲,U+B6B2,4,13,22
뚳,U+B6B3,4,13,23
뚴,U+B6B4,4,13,24
뚵,U+B6B5,4,13,25
뚶,U+B6B6,4,13,26
뚷,U+B6B7,4,13,27
뚸,U+B6B8,4,14,0
뚹,U+B6B9,4,14,1
뚺,U+B6BA,4,14,2
뚻,U+B6BB,4,14,3
뚼,U+B6BC,4,14,4
뚽,U+B6BD,4,14,5
뚾,U+B6BE,4,14,6
뚿,U+B6BF,4,14,7
뛀,U+B6C0,4,14,8
뛁,U+B6C1,4,14,9
뛂,U+B6C2,4,14,10
뛃,U+B6C3,4,14,11
뛄,U+B6C4,4,14,12
뛅,U+B6C5,4,14,13
뛆,U+B6C6,4,14,14
뛇,U+B6C7,4,14,15
뛈,U+B6C8,4,14,16
뛉,U+B6C9,4,14,17
뛊,U+B6CA,4,14,18
뛋,U+B6CB,4,14,19
뛌,U+B6CC,4,14,20
뛍,U+B6CD,4,14,21
뛎,U+B6CE,4,14,22
뛏,U+B6CF,4,14,23
뛐,U+B6D0,4,14,24
뛑,U+B6D1,4,14,25
뛒,U+B6D2,4,14,26
뛓,U+B6D3,4,14,27
뛔,U+B6D4,4,15,0
뛕,U+B6D5,4,15,1
뛖,U+B6D6,4,15,2
뛗,U+B6D7,4,15,3
뛘,U+B6D8,4,15,4
뛙,U+B6D9,4,15,5
뛚,U+B6DA,4,15,6
뛛,U+B6DB,4,15,7
뛜,U+B6DC,4,15,8
뛝,U+B6DD,4,15,9
뛞,U+B6DE,4,15,10
뛟,U+B6DF,4,15,11
뛠,U+B6E0,4,15,12
뛡,U+B6E1,4,15,13
뛢,U+B6E2,4,15,14
뛣,U+B6E3,4,15,15
뛤,U+B6E4,4,15,16
뛥,U+B6E5,4,15,17
뛦,U+B6E6,4,15,18
뛧,U+B6E7,4,15,19
뛨,U+B6E8,4,15,20
뛩,U+B6E9,4,15,21
뛪,U+B6EA,4,15,22
뛫,U+B6EB,4,15,23
뛬,U+B6EC,4,15,24
뛭,U+B6ED,4,15,25
뛮,U+B6EE,4,15,26
뛯,U+B6EF,4,15,27
뛰,U+B6F0,4,16,0
뛱,U+B6F1,4,16,1
뛲,U+B6F2,4,16,2
뛳,U+B6F3,4,16,3
뛴,U+B6F4,4,16,4
뛵,U+B6F5,4,16,5
뛶,U+B6F6,4,16,6
뛷,U+B6F7,4,16,7
뛸,U+B6F8,4,16,8
뛹,U+B6F9,4,16,9
뛺,U+B6FA,4,16,10
뛻,U+B6FB,4,16,11
뛼,U+B6FC,4,16,12
뛽,U+B6FD,4,16,13
뛾,U+B6FE,4,16,14
뛿,U+B6FF,4,16,15
뜀,U+B700,4,16,16
뜁,U+B701,4,16,17
뜂,U+B702,4,16,18
뜃,U+B703,4,16,19
뜄,U+B704,4,16,20
뜅,U+B705,4,16,21
뜆,U+B706,4,16,22
뜇,U+B707,4,16,23
뜈,U+B708,4,16,24
뜉,U+B709,4,16,25
뜊,U+B70A,4,16,26
뜋,U+B70B,4,16,27
뜌,U+B70C,4,17,0
뜍,U+B70D,4,17,1
뜎,U+B70E,4,17,2
뜏,U+B70F,4,17,3
뜐,U+B710,4,17,4
뜑,U+B711,4,17,5
뜒,U+B712,4,17,6
뜓,U+B713,4,17,7
뜔,U+B714,4,17,8
뜕,U+B715,4,17,9
뜖,U+B716,4,17,10
뜗,U+B717,4,17,11
뜘,U+B718,4,17,12
뜙,U+B719,4,17,13
뜚,U+B71A,4,17,14
뜛,U+B71B,4,17,15
뜜,U+B71C,4,17,16
뜝,U+B71D,4,17,17
뜞,U+B71E,4,17,18
뜟,U+B71F,4,17,19
뜠,U+B720,4,17,20
뜡,U+B721,4,17,21
뜢,U+B722,4,17,22
뜣,U+B723,4,17,23
뜤,U+B724,4,17,24
뜥,U+B725,4,17,25
뜦,U+B726,4,17,26
뜧,U+B727,4,17,27
뜨,U+B728,4,18,0
뜩,U+B729,4,18,1
뜪,U+B72A,4,18,2
뜫,U+B72B,4,18,3
뜬,U+B72C,4,18,4
뜭,U+B72D,4,18,5
뜮,U+B72E,4,18,6
뜯,U+B72F,4,18,7
뜰,U+B730,4,18,8
뜱,U+B731,4,18,9
뜲,U+B732,4,18,10
뜳,U+B733,4,18,11
뜴,U+B734,4,18,12
뜵,U+B735,4,18,13
뜶,U+B736,4,18,14
뜷,U+B737,4,18,15
뜸,U+B738,4,18,16
뜹,U+B739,4,18,17
뜺,U+B73A,4,18,18
뜻,U+B73B,4,18,19
뜼,U+B73C,4,18,20
뜽,U+B73D,4,18,21
뜾,U+B73E,4,18,22
뜿,U+B73F,4,18,23
띀,U+B740,4,18,24
띁,U+B741,4,18,25
띂,U+B742,4,18,26
띃,U+B743,4,18,27
띄,U+B744,4,19,0
띅,U+B745,4,19,1
띆,U+B746,4,19,2
띇,U+B747,4,19,3
띈,U+B748,4,19,4
띉,U+B749,4,19,5
띊,U+B74A,4,19,6
띋,U+B74B,4,19,7
띌,U+B74C,4,19,8
띍,U+B74D,4,19,9
띎,U+B74E,4,19,10
띏,U+B74F,4,19,11
띐,U+B750,4,19,12
띑,U+B751,4,19,13
띒,U+B752,4,19,14
띓,U+B753,4,19,15
띔,U+B754,4,19,16
띕,U+B755,4,19,17
띖,U+B756,4,19,18
띗,U+B757,4,19,19
띘,U+B758,4,19,20
띙,U+B759,4,19,21
띚,U+B75A,4,19,22
띛,U+B75B,4,19,23
띜,U+B75C,4,19,24
띝,U+B75D,4,19,25
띞,U+B75E,4,19,26
띟,U+B75F,4,19,27
띠,U+B760,4,20,0
띡,U+B761,4,20,1
띢,U+B762,4,20,2
띣,U+B763,4,20,3
띤,U+B764,4,20,4
띥,U+B765,4,20,5
띦,U+B766,4,20,6
띧,U+B767,4,20,7
띨,U+B768,4,20,8
띩,U+B769,4,20,9
띪,U+B76A,4,20,10
띫,U+B76B,4,20,11
띬,U+B76C,4,20,12
띭,U+B76D,4,20,13
띮,U+B76E,4,20,14
띯,U+B76F,4,20,15
띰,U+B770,4,20,16
띱,U+B771,4,20,17
띲,U+B772,4,20,18
띳,U+B773,4,20,19
띴,U+B774,4,20,20
띵,U+B775,4,20,21
띶,U+B776,4,20,22
띷,U+B777,4,20,23
띸,U+B778,4,20,24
띹,U+B779,4,20,25
띺,U+B77A,4,20,26
띻,U+B77B,4,20,27
라,U+B77C,5,0,0
락,U+B77D,5,0,1
띾,U+B77E,5,0,2
띿,U+B77F,5,0,3
란,U+B780,5,0,4
랁,U+B781,5,0,5
랂,U+B782,5,0,6
랃,U+B783,5,0,7
랄,U+B784,5,0,8
랅,U+B785,5,0,9
랆,U+B786,5,0,10
랇,U+B787,5,0,11
랈,U+B788,5,0,12
랉,U+B789,5,0,13
랊,U+B78A,5,0,14
랋,U+B78B,5,0,15
람,U+B78C,5,0,16
랍,U+B78D,5,0,17
랎,U+B78E,5,0,18
랏,U+B78F,5,0,19
랐,U+B790,5,0,20
랑,U+B791,5,0,21
랒,U+B792,5,0,22
랓,U+B793,5,0,23
랔,U+B794,5,0,24
랕,U+B795,5,0,25
랖,U+B796,5,0,26
랗,U+B797,5,0,27
래,U+B798,5,1,0
랙,U+B799,5,1,1
랚,U+B79A,5,1,2
랛,U+B79B,5,1,3
랜,U+B79C,5,1,4
랝,U+B79D,5,1,5
랞,U+B79E,5,1,6
랟,U+B79F,5,1,7
랠,U+B7A0,5,1,8
랡,U+B7A1,5,1,9
랢,U+B7A2,5,1,10
랣,U+B7A3,5,1,11
랤,U+B7A4,5,1,12
랥,U+B7A5,5,1,13
랦,U+B7A6,5,1,14
랧,U+B7A7,5,1,15
램,U+B7A8,5,1,16
랩,U+B7A9,5,1,17
랪,U+B7AA,5,1,18
랫,U+B7AB,5,1,19
랬,U+B7AC,5,1,20
랭,U+B7AD,5,1,21
랮,U+B7AE,5,1,22
랯,U+B7AF,5,1,23
랰,U+B7B0,5,1,24
랱,U+B7B1,5,1,25
랲,U+B7B2,5,1,26
랳,U+B7B3,5,1,27
랴,U+B7B4,5,2,0
략,U+B7B5,5,2,1
랶,U+B7B6,5,2,2
랷,U+B7B7,5,2,3
랸,U+B7B8,5,2,4
랹,U+B7B9,5,2,5
랺,U+B7BA,5,2,6
랻,U+B7BB,5,2,7
랼,U+B7BC,5,2,8
랽,U+B7BD,5,2,9
랾,U+B7BE,5,2,10
랿,U+B7BF,5,2,11
럀,U+B7C0,5,2,12
럁,U+B7C1,5,2,13
럂,U+B7C2,5,2,14
럃,U+B7C3,5,2,15
럄,U+B7C4,5,2,16
럅,U+B7C5,5,2,17
럆,U+B7C6,5,2,18
럇,U+B7C7,5,2,19
럈,U+B7C8,5,2,20
량,U+B7C9,5,2,21
럊,U+B7CA,5,2,22
럋,U+B7CB,5,2,23
럌,U+B7CC,5,2,24
럍,U+B7CD,5,2,25
럎,U+B7CE,5,2,26
럏,U+B7CF,5,2,27
럐,U+B7D0,5,3,0
럑,U+B7D1,5,3,1
럒,U+B7D2,5,3,2
럓,U+B7D3,5,3,3
럔,U+B7D4,5,3,4
럕,U+B7D5,5,3,5
럖,U+B7D6,5,3,6
럗,U+B7D7,5,3,7
럘,U+B7D8,5,3,8
럙,U+B7D9,5,3,9
럚,U+B7DA,5,3,10
럛,U+B7DB,5,3,11
럜,U+B7DC,5,3,12
럝,U+B7DD,5,3,13
럞,U+B7DE,5,3,14
럟,U+B7DF,5,3,15
럠,U+B7E0,5,3,16
럡,U+B7E1,5,3,17
럢,U+B7E2,5,3,18
럣,U+B7E3,5,3,19
럤,U+B7E4,5,3,20
럥,U+B7E5,5,3,21
럦,U+B7E6,5,3,22
럧,U+B7E7,5,3,23
럨,U+B7E8,5,3,24
럩,U+B7E9,5,3,25
럪,U+B7EA,5,3,26
럫,U+B7EB,5,3,27
러,U+B7EC,5,4,0
럭,U+B7ED,5,4,1
럮,U+B7EE,5,4,2
럯,U+B7EF,5,4,3
런,U+B7F0,5,4,4
럱,U+B7F1,5,4,5
럲,U+B7F2,5,4,6
럳,U+B7F3,5,4,7
럴,U+B7F4,5,4,8
럵,U+B7F5,5,4,9
럶,U+B7F6,5,4,10
럷,U+B7F7,5,4,11
럸,U+B7F8,5,4,12
럹,U+B7F9,5,4,13
럺,U+B7FA,5,4,14
럻,U+B7FB,5,4,15
럼,U+B7FC,5,4,16
럽,U+B7FD,5,4,17
럾,U+B7FE,5,4,18
럿,U+B7FF,5,4,19
렀,U+B800,5,4,20
렁,U+B801,5,4,21
렂,U+B802,5,4,22
렃,U+B803,5,4,23
렄,U+B804,5,4,24
렅,U+B805,5,4,25
렆,U+B806,5,4,26
렇,U+B807,5,4,27
레,U+B808,5,5,0
렉,U+B809,5,5,1
렊,U+B80A,5,5,2
렋,U+B80B,5,5,3
렌,U+B80C,5,5,4
렍,U+B80D,5,5,5
렎,U+B80E,5,5,6
렏,U+B80F,5,5,7
렐,U+B810,5,5,8
렑,U+B811,5,5,9
렒,U+B812,5,5,10
렓,U+B813,5,5,11
렔,U+B814,5,5,12
렕,U+B815,5,5,13
렖,U+B816,5,5,14
렗,U+B817,5,5,15
렘,U+B818,5,5,16
렙,U+B819,5,5,17
렚,U+B81A,5,5,18
렛,U+B81B,5,5,19
렜,U+B81C,5,5,20
렝,U+B81D,5,5,21
렞,U+B81E,5,5,22
렟,U+B81F,5,5,23
렠,U+B820,5,5,24
렡,U+B821,5,5,25
렢,U+B822,5,5,26
렣,U+B823,5,5,27
려,U+B824,5,6,0
력,U+B825,5,6,1
렦,U+B826,5,6,2
렧,U+B827,5,6,3
련,U+B828,5,6,4
렩,U+B829,5,6,5
렪,U+B82A,5,6,6
렫,U+B82B,5,6,7
렬,U+B82C,5,6,8
렭,U+B82D,5,6,9
렮,U+B82E,5,6,10
렯,U+B82F,5,6,11
렰,U+B830,5,6,12
렱,U+B831,5,6,13
렲,U+B832,5,6,14
렳,U+B833,5,6,15
렴,U+B834,5,6,16
렵,U+B835,5,6,17
렶,U+B836,5,6,18
렷,U+B837,5,6,19
렸,U+B838,5,6,20
령,U+B839,5,6,21
렺,U+B83A,5,6,22
렻,U+B83B,5,6,23
렼,U+B83C,5,6,24
렽,U+B83D,5,6,25
렾,U+B83E,5,6,26
렿,U+B83F,5,6,27
례,U+B840,5,7,0
롁,U+B841,5,7,1
롂,U+B842,5,7,2
롃,U+B843,5,7,3
롄,U+B844,5,7,4
롅,U+B845,5,7,5
롆,U+B846,5,7,6
롇,U+B847,5,7,7
롈,U+B848,5,7,8
롉,U+B849,5,7,9
롊,U+B84A,5,7,10
롋,U+B84B,5,7,11
롌,U+B84C,5,7,12
롍,U+B84D,5,7,13
롎,U+B84E,5,7,14
롏,U+B84F,5,7,15
롐,U+B850,5,7,16
롑,U+B851,5,7,17
롒,U+B852,5,7,18
롓,U+B853,5,7,19
롔,U+B854,5,7,20
롕,U+B855,5,7,21
롖,U+B856,5,7,22
롗,U+B857,5,7,23
롘,U+B858,5,7,24
롙,U+B859,5,7,25
롚,U+B85A,5,7,26
롛,U+B85B,5,7,27
로,U+B85C,5,8,0
록,U+B85D,5,8,1
롞,U+B85E,5,8,2
롟,U+B85F,5,8,3
론,U+B860,5,8,4
롡,U+B861,5,8,5
롢,U+B862,5,8,6
롣,U+B863,5,8,7
롤,U+B864,5,8,8
롥,U+B865,5,8,9
롦,U+B866,5,8,10
롧,U+B867,5,8,11
롨,U+B868,5,8,12
롩,U+B869,5,8,13
롪,U+B86A,5,8,14
롫,U+B86B,5,8,15
롬,U+B86C,5,8,16
롭,U+B86D,5,8,17
롮,U+B86E,5,8,18
롯,U+B86F,5,8,19
롰,U+B870,5,8,20
롱,U+B871,5,8,21
롲,U+B872,5,8,22
롳,U+B873,5,8,23
롴,U+B874,5,8,24
롵,U+B875,5,8,25
롶,U+B876,5,8,26
롷,U+B877,5,8,27
롸,U+B878,5,9,0
롹,U+B879,5,9,1
롺,U+B87A,5,9,2
롻,U+B87B,5,9,3
롼,U+B87C,5,9,4
롽,U+B87D,5,9,5
롾,U+B87E,5,9,6
롿,U+B87F,5,9,7
뢀,U+B880,5,9,8
뢁,U+B881,5,9,9
뢂,U+B882,5,9,10
뢃,U+B883,5,9,11
뢄,U+B884,5,9,12
뢅,U+B885,5,9,13
뢆,U+B886,5,9,14
뢇,U+B887,5,9,15
뢈,U+B888,5,9,16
뢉,U+B889,5,9,17
뢊,U+B88A,5,9,18
뢋,U+B88B,5,9,19
뢌,U+B88C,5,9,20
뢍,U+B88D,5,9,21
뢎,U+B88E,5,9,22
뢏,U+B88F,5,9,23
뢐,U+B890,5,9,24
뢑,U+B891,5,9,25
뢒,U+B892,5,9,26
뢓,U+B893,5,9,27
뢔,U+B894,5,10,0
뢕,U+B895,5,10,1
뢖,U+B896,5,10,2
뢗,U+B897,5,10,3
뢘,U+B898,5,10,4
뢙,U+B899,5,10,5
뢚,U+B89A,5,10,6
뢛,U+B89B,5,10,7
뢜,U+B89C,5,10,8
뢝,U+B89D,5,10,9
뢞,U+B89E,5,10,10
뢟,U+B89F,5,10,11
뢠,U+B8A0,5,10,12
뢡,U+B8A1,5,10,13
뢢,U+B8A2,5,10,14
뢣,U+B8A3,5,10,15
뢤,U+B8A4,5,10,16
뢥,U+B8A5,5,10,17
뢦,U+B8A6,5,10,18
뢧,U+B8A7,5,10,19
뢨,U+B8A8,5,10,20
뢩,U+B8A9,5,10,21
뢪,U+B8AA,5,10,22
뢫,U+B8AB,5,10,23
뢬,U+B8AC,5,10,24
뢭,U+B8AD,5,10,25
뢮,U+B8AE,5,10,26
뢯,U+B8AF,5,10,27
뢰,U+B8B0,5,11,0
뢱,U+B8B1,5,11,1
뢲,U+B8B2,5,11,2
뢳,U+B8B3,5,11,3
뢴,U+B8B4,5,11,4
뢵,U+B8B5,5,11,5
뢶,U+B8B6,5,11,6
뢷,U+B8B7,5,11,7
뢸,U+B8B8,5,11,8
뢹,U+B8B9,5,11,9
뢺,U+B8BA,5,11,10
뢻,U+B8BB,5,11,11
뢼,U+B8BC,5,11,12
뢽,U+B8BD,5,11,13
뢾,U+B8BE,5,11,14
뢿,U+B8BF,5,11,15
룀,U+B8C0,5,11,16
룁,U+B8C1,5,11,17
룂,U+B8C2,5,11,18
룃,U+B8C3,5,11,19
룄,U+B8C4,5,11,20
룅,U+B8C5,5,11,21
룆,U+B8C6,5,11,22
룇,U+B8C7,5,11,23
룈,U+B8C8,5,11,24
룉,U+B8C9,5,11,25
룊,U+B8CA,5,11,26
룋,U+B8CB,5,11,27
료,U+B8CC,5,12,0
룍,U+B8CD,5,12,1
룎,U+B8CE,5,12,2
룏,U+B8CF,5,12,3
룐,U+B8D0,5,12,4
룑,U+B8D1,5,12,5
룒,U+B8D2,5,12,6
룓,U+B8D3,5,12,7
룔,U+B8D4,5,12,8
룕,U+B8D5,5,12,9
룖,U+B8D6,5,12,10
룗,U+B8D7,5,12,11
룘,U+B8D8,5,12,12
룙,U+B8D9,5,12,13
룚,U+B8DA,5,12,14
룛,U+B8DB,5,12,15
룜,U+B8DC,5,12,16
룝,U+B8DD,5,12,17
룞,U+B8DE,5,12,18
룟,U+B8DF,5,12,19
룠,U+B8E0,5,12,20
룡,U+B8E1,5,12,21
룢,U+B8E2,5,12,22
룣,U+B8E3,5,12,23
룤,U+B8E4,5,12,24
룥,U+B8E5,5,12,25
룦,U+B8E6,5,12,26
룧,U+B8E7,5,12,27
루,U+B8E8,5,13,0
룩,U+B8E9,5,13,1
룪,U+B8EA,5,13,2
룫,U+B8EB,5,13,3
룬,U+B8EC,5,13,4
룭,U+B8ED,5,13,5
룮,U+B8EE,5,13,6
룯,U+B8EF,5,13,7
룰,U+B8F0,5,13,8
룱,U+B8F1,5,13,9
룲,U+B8F2,5,13,10
룳,U+B8F3,5,13,11
룴,U+B8F4,5,13,12
룵,U+B8F5,5,13,13
룶,U+B8F6,5,13,14
룷,U+B8F7,5,13,15
룸,U+B8F8,5,13,16
룹,U+B8F9,5,13,17
룺,U+B8FA,5,13,18
룻,U+B8FB,5,13,19
룼,U+B8FC,5,13,20
룽,U+B8FD,5,13,21
룾,U+B8FE,5,13,22
룿,U+B8FF,5,13,23
뤀,U+B900,5,13,24
뤁,U+B901,5,13,25
뤂,U+B902,5,13,26
뤃,U+B903,5,13,27
뤄,U+B904,5,14,0
뤅,U+B905,5,14,1
뤆,U+B906,5,14,2
뤇,U+B907,5,14,3
뤈,U+B908,5,14,4
뤉,U+B909,5,14,5
뤊,U+B90A,5,14,6
뤋,U+B90B,5,14,7
뤌,U+B90C,5,14,8
뤍,U+B90D,5,14,9
뤎,U+B90E,5,14,10
뤏,U+B90F,5,14,11
뤐,U+B910,5,14,12
뤑,U+B911,5,14,13
뤒,U+B912,5,14,14
뤓,U+B913,5,14,15
뤔,U+B914,5,14,16
뤕,U+B915,5,14,17
뤖,U+B916,5,14,18
뤗,U+B917,5,14,19
뤘,U+B918,5,14,20
뤙,U+B919,5,14,21
뤚,U+B91A,5,14,22
뤛,U+B91B,5,14,23
뤜,U+B91C,5,14,24
뤝,U+B91D,5,14,25
뤞,U+B91E,5,14,26
뤟,U+B91F,5,14,27
뤠,U+B920,5,15,0
뤡,U+B921,5,15,1
뤢,U+B922,5,15,2
뤣,U+B923,5,15,3
뤤,U+B924,5,15,4
뤥,U+B925,5,15,5
뤦,U+B926,5,15,6
뤧,U+B927,5,15,7
뤨,U+B928,5,15,8
뤩,U+B929,5,15,9
뤪,U+B92A,5,15,10
뤫,U+B92B,5,15,11
뤬,U+B92C,5,15,12
뤭,U+B92D,5,15,13
뤮,U+B92E,5,15,14
뤯,U+B92F,5,15,15
뤰,U+B930,5,15,16
뤱,U+B931,5,15,17
뤲,U+B932,5,15,18
뤳,U+B933,5,15,19
뤴,U+B934,5,15,20
뤵,U+B935,5,15,21
뤶,U+B936,5,15,22
뤷,U+B937,5,15,23
뤸,U+B938,5,15,24
뤹,U+B939,5,15,25
뤺,U+B93A,5,15,26
뤻,U+B93B,5,15,27
뤼,U+B93C,5,16,0
뤽,U+B93D,5,16,1
뤾,U+B93E,5,16,2
뤿,U+B93F,5,16,3
륀,U+B940,5,16,4
륁,U+B941,5,16,5
륂,U+B942,5,16,6
륃,U+B943,5,16,7
륄,U+B944,5,16,8
륅,U+B945,5,16,9
륆,U+B946,5,16,10
륇,U+B947,5,16,11
륈,U+B948,5,16,12
륉,U+B949,5,16,13
륊,U+B94A,5,16,14
륋,U+B94B,5,16,15
륌,U+B94C,5,16,16
륍,U+B94D,5,16,17
륎,U+B94E,5,16,18
륏,U+B94F,5,16,19
륐,U+B950,5,16,20
륑,U+B951,5,16,21
륒,U+B952,5,16,22
륓,U+B953,5,16,23
륔,U+B954,5,16,24
륕,U+B955,5,16,25
륖,U+B956,5,16,26
륗,U+B957,5,16,27
류,U+B958,5,17,0
륙,U+B959,5,17,1
륚,U+B95A,5,17,2
륛,U+B95B,5,17,3
륜,U+B95C,5,17,4
륝,U+B95D,5,17,5
륞,U+B95E,5,17,6
륟,U+B95F,5,17,7
률,U+B960,5,17,8
륡,U+B961,5,17,9
륢,U+B962,5,17,10
륣,U+B963,5,17,11
륤,U+B964,5,17,12
륥,U+B965,5,17,13
륦,U+B966,5,17,14
륧,U+B967,5,17,15
륨,U+B968,5,17,16
륩,U+B969,5,17,17
륪,U+B96A,5,17,18
륫,U+B96B,5,17,19
륬,U+B96C,5,17,20
륭,U+B96D,5,17,21
륮,U+B96E,5,17,22
륯,U+B96F,5,17,23
륰,U+B970,5,17,24
륱,U+B971,5,17,25
륲,U+B972,5,17,26
륳,U+B973,5,17,27
르,U+B974,5,18,0
륵,U+B975,5,18,1
륶,U+B976,5,18,2
륷,U+B977,5,18,3
른,U+B978,5,18,4
륹,U+B979,5,18,5
륺,U+B97A,5,18,6
륻,U+B97B,5,18,7
를,U+B97C,5,18,8
륽,U+B97D,5,18,9
륾,U+B97E,5,18,10
륿,U+B97F,5,18,11
릀,U+B980,5,18,12
릁,U+B981,5,18,13
릂,U+B982,5,18,14
릃,U+B983,5,18,15
름,U+B984,5,18,16
릅,U+B985,5,18,17
릆,U+B986,5,18,18
릇,U+B987,5,18,19
릈,U+B988,5,18,20
릉,U+B989,5,18,21
릊,U+B98A,5,18,22
릋,U+B98B,5,18,23
릌,U+B98C,5,18,24
릍,U+B98D,5,18,25
릎,U+B98E,5,18,26
릏,U+B98F,5,18,27
릐,U+B990,5,19,0
릑,U+B991,5,19,1
릒,U+B992,5,19,2
릓,U+B993,5,19,3
릔,U+B994,5,19,4
릕,U+B995,5,19,5
릖,U+B996,5,19,6
릗,U+B997,5,19,7
릘,U+B998,5,19,8
릙,U+B999,5,19,9
릚,U+B99A,5,19,10
릛,U+B99B,5,19,11
릜,U+B99C,5,19,12
릝,U+B99D,5,19,13
릞,U+B99E,5,19,14
릟,U+B99F,5,19,15
릠,U+B9A0,5,19,16
릡,U+B9A1,5,19,17
릢,U+B9A2,5,19,18
릣,U+B9A3,5,19,19
릤,U+B9A4,5,19,20
릥,U+B9A5,5,19,21
릦,U+B9A6,5,19,22
릧,U+B9A7,5,19,23
릨,U+B9A8,5,19,24
릩,U+B9A9,5,19,25
릪,U+B9AA,5,19,26
릫,U+B9AB,5,19,27
리,U+B9AC,5,20,0
릭,U+B9AD,5,20,1
릮,U+B9AE,5,20,2
릯,U+B9AF,5,20,3
린,U+B9B0,5,20,4
릱,U+B9B1,5,20,5
릲,U+B9B2,5,20,6
릳,U+B9B3,5,20,7
릴,U+B9B4,5,20,8
릵,U+B9B5,5,20,9
릶,U+B9B6,5,20,10
릷,U+B9B7,5,20,11
릸,U+B9B8,5,20,12
릹,U+B9B9,5,20,13
릺,U+B9BA,5,20,14
릻,U+B9BB,5,20,15
림,U+B9BC,5,20,16
립,U+B9BD,5,20,17
릾,U+B9BE,5,20,18
릿,U+B9BF,5,20,19
맀,U+B9C0,5,20,20
링,U+B9C1,5,20,21
맂,U+B9C2,5,20,22
맃,U+B9C3,5,20,23
맄,U+B9C4,5,20,24
맅,U+B9C5,5,20,25
맆,U+B9C6,5,20,26
맇,U+B9C7,5,20,27
마,U+B9C8,6,0,0
막,U+B9C9,6,0,1
맊,U+B9CA,6,0,2
맋,U+B9CB,6,0,3
만,U+B9CC,6,0,4
맍,U+B9CD,6,0,5
많,U+B9CE,6,0,6
맏,U+B9CF,6,0,7
말,U+B9D0,6,0,8
맑,U+B9D1,6,0,9
맒,U+B9D2,6,0,10
맓,U+B9D3,6,0,11
맔,U+B9D4,6,0,12
맕,U+B9D5,6,0,13
맖,U+B9D6,6,0,14
맗,U+B9D7,6,0,15
맘,U+B9D8,6,0,16
맙,U+B9D9,6,0,17
맚,U+B9DA,6,0,18
맛,U+B9DB,6,0,19
맜,U+B9DC,6,0,20
망,U+B9DD,6,0,21
맞,U+B9DE,6,0,22
맟,U+B9DF,6,0,23
맠,U+B9E0,6,0,24
맡,U+B9E1,6,0,25
맢,U+B9E2,6,0,26
맣,U+B9E3,6,0,27
매,U+B9E4,6,1,0
맥,U+B9E5,6,1,1
맦,U+B9E6,6,1,2
맧,U+B9E7,6,1,3
맨,U+B9E8,6,1,4
맩,U+B9E9,6,1,5
맪,U+B9EA,6,1,6
맫,U+B9EB,6,1,7
맬,U+B9EC,6,1,8
맭,U+B9ED,6,1,9
맮,U+B9EE,6,1,10
맯,U+B9EF,6,1,11
맰,U+B9F0,6,1,12
맱,U+B9F1,6,1,13
맲,U+B9F2,6,1,14
맳,U+B9F3,6,1,15
맴,U+B9F4,6,1,16
맵,U+B9F5,6,1,17
맶,U+B9F6,6,1,18
맷,U+B9F7,6,1,19
맸,U+B9F8,6,1,20
맹,U+B9F9,6,1,21
맺,U+B9FA,6,1,22
맻,U+B9FB,6,1,23
맼,U+B9FC,6,1,24
맽,U+B9FD,6,1,25
맾,U+B9FE,6,1,26
맿,U+B9FF,6,1,27
먀,U+BA00,6,2,0
먁,U+BA01,6,2,1
먂,U+BA02,6,2,2
먃,U+BA03,6,2,3
먄,U+BA04,6,2,4
먅,U+BA05,6,2,5
먆,U+BA06,6,2,6
먇,U+BA07,6,2,7
먈,U+BA08,6,2,8
먉,U+BA09,6,2,9
먊,U+BA0A,6,2,10
먋,U+BA0B,6,2,11
먌,U+BA0C,6,2,12
먍,U+BA0D,6,2,13
먎,U+BA0E,6,2,14
먏,U+BA0F,6,2,15
먐,U+BA10,6,2,16
먑,U+BA11,6,2,17
먒,U+BA12,6,2,18
먓,U+BA13,6,2,19
먔,U+BA14,6,2,20
먕,U+BA15,6,2,21
먖,U+BA16,6,2,22
먗,U+BA17,6,2,23
먘,U+BA18,6,2,24
먙,U+BA19,6,2,25
먚,U+BA1A,6,2,26
먛,U+BA1B,6,2,27
먜,U+BA1C,6,3,0
먝,U+BA1D,6,3,1
먞,U+BA1E,6,3,2
먟,U+BA1F,6,3,3
먠,U+BA20,6,3,4
먡,U+BA21,6,3,5
먢,U+BA22,6,3,6
먣,U+BA23,6,3,7
먤,U+BA24,6,3,8
먥,U+BA25,6,3,9
먦,U+BA26,6,3,10
먧,U+BA27,6,3,11
먨,U+BA28,6,3,12
먩,U+BA29,6,3,13
먪,U+BA2A,6,3,14
먫,U+BA2B,6,3,15
먬,U+BA2C,6,3,16
먭,U+BA2D,6,3,17
먮,U+BA2E,6,3,18
먯,U+BA2F,6,3,19
먰,U+BA30,6,3,20
먱,U+BA31,6,3,21
먲,U+BA32,6,3,22
먳,U+BA33,6,3,23
먴,U+BA34,6,3,24
먵,U+BA35,6,3,25
먶,U+BA36,6,3,26
먷,U+BA37,6,3,27
머,U+BA38,6,4,0
먹,U+BA39,6,4,1
먺,U+BA3A,6,4,2
먻,U+BA3B,6,4,3
먼,U+BA3C,6,4,4
먽,U+BA3D,6,4,5
먾,U+BA3E,6,4,6
먿,U+BA3F,6,4,7
멀,U+BA40,6,4,8
멁,U+BA41,6,4,9
멂,U+BA42,6,4,10
멃,U+BA43,6,4,11
멄,U+BA44,6,4,12
멅,U+BA45,6,4,13
멆,U+BA46,6,4,14
멇,U+BA47,6,4,15
멈,U+BA48,6,4,16
멉,U+BA49,6,4,17
멊,U+BA4A,6,4,18
멋,U+BA4B,6,4,19
멌,U+BA4C,6,4,20
멍,U+BA4D,6,4,21
멎,U+BA4E,6,4,22
멏,U+BA4F,6,4,23
멐,U+BA50,6,4,24
멑,U+BA51,6,4,25
멒,U+BA52,6,4,26
멓,U+BA53,6,4,27
메,U+BA54,6,5,0
멕,U+BA55,6,5,1
멖,U+BA56,6,5,2
멗,U+BA57,6,5,3
멘,U+BA58,6,5,4
멙,U+BA59,6,5,5
멚,U+BA5A,6,5,6
멛,U+BA5B,6,5,7
멜,U+BA5C,6,5,8
멝,U+BA5D,6,5,9
멞,U+BA5E,6,5,10
멟,U+BA5F,6,5,11
멠,U+BA60,6,5,12
멡,U+BA61,6,5,13
멢,U+BA62,6,5,14
멣,U+BA63,6,5,15
멤,U+BA64,6,5,16
멥,U+BA65,6,5,17
멦,U+BA66,6,5,18
멧,U+BA67,6,5,19
멨,U+BA68,6,5,20
멩,U+BA69,6,5,21
멪,U+BA6A,6,5,22
멫,U+BA6B,6,5,23
멬,U+BA6C,6,5,24
멭,U+BA6D,6,5,25
멮,U+BA6E,6,5,26
멯,U+BA6F,6,5,27
며,U+BA70,6,6,0
멱,U+BA71,6,6,1
멲,U+BA72,6,6,2
멳,U+BA73,6,6,3
면,U+BA74,6,6,4
멵,U+BA75,6,6,5
멶,U+BA76,6,6,6
멷,U+BA77,6,6,7
멸,U+BA78,6,6,8
멹,U+BA79,6,6,9
멺,U+BA7A,6,6,10
멻,U+BA7B,6,6,11
멼,U+BA7C,6,6,12
멽,U+BA7D,6,6,13
멾,U+BA7E,6,6,14
멿,U+BA7F,6,6,15
몀,U+BA80,6,6,16
몁,U+BA81,6,6,17
몂,U+BA82,6,6,18
몃,U+BA83,6,6,19
몄,U+BA84,6,6,20
명,U+BA85,6,6,21
몆,U+BA86,6,6,22
몇,U+BA87,6,6,23
몈,U+BA88,6,6,24
몉,U+BA89,6,6,25
몊,U+BA8A,6,6,26
몋,U+BA8B,6,6,27
몌,U+BA8C,6,7,0
몍,U+BA8D,6,7,1
몎,U+BA8E,6,7,2
몏,U+BA8F,6,7,3
몐,U+BA90,6,7,4
몑,U+BA91,6,7,5
몒,U+BA92,6,7,6
몓,U+BA93,6,7,7
몔,U+BA94,6,7,8
몕,U+BA95,6,7,9
몖,U+BA96,6,7,10
몗,U+BA97,6,7,11
몘,U+BA98,6,7,12
몙,U+BA99,6,7,13
몚,U+BA9A,6,7,14
몛,U+BA9B,6,7,15
몜,U+BA9C,6,7,16
몝,U+BA9D,6,7,17
몞,U+BA9E,6,7,18
몟,U+BA9F,6,7,19
몠,U+BAA0,6,7,20
몡,U+BAA1,6,7,21
몢,U+BAA2,6,7,22
몣,U+BAA3,6,7,23
몤,U+BAA4,6,7,24
몥,U+BAA5,6,7,25
몦,U+BAA6,6,7,26
몧,U+BAA7,6,7,27
모,U+BAA8,6,8,0
목,U+BAA9,6,8,1
몪,U+BAAA,6,8,2
몫,U+BAAB,6,8,3
몬,U+BAAC,6,8,4
몭,U+BAAD,6,8,5
몮,U+BAAE,6,8,6
몯,U+BAAF,6,8,7
몰,U+BAB0,6,8,8
몱,U+BAB1,6,8,9
몲,U+BAB2,6,8,10
몳,U+BAB3,6,8,11
몴,U+BAB4,6,8,12
몵,U+BAB5,6,8,13
몶,U+BAB6,6,8,14
몷,U+BAB7,6,8,15
몸,U+BAB8,6,8,16
몹,U+BAB9,6,8,17
몺,U+BABA,6,8,18
못,U+BABB,6,8,19
몼,U+BABC,6,8,20
몽,U+BABD,6,8,21
몾,U+BABE,6,8,22
몿,U+BABF,6,8,23
뫀,U+BAC0,6,8,24
뫁,U+BAC1,6,8,25
뫂,U+BAC2,6,8,26
뫃,U+BAC3,6,8,27
뫄,U+BAC4,6,9,0
뫅,U+BAC5,6,9,1
뫆,U+BAC6,6,9,2
뫇,U+BAC7,6,9,3
뫈,U+BAC8,6,9,4
뫉,U+BAC9,6,9,5
뫊,U+BACA,6,9,6
뫋,U+BACB,6,9,7
뫌,U+BACC,6,9,8
뫍,U+BACD,6,9,9
뫎,U+BACE,6,9,10
뫏,U+BACF,6,9,11
뫐,U+BAD0,6,9,12
뫑,U+BAD1,6,9,13
뫒,U+BAD2,6,9,14
뫓,U+BAD3,6,9,15
뫔,U+BAD4,6,9,16
뫕,U+BAD5,6,9,17
뫖,U+BAD6,6,9,18
뫗,U+BAD7,6,9,19
뫘,U+BAD8,6,9,20
뫙,U+BAD9,6,9,21
뫚,U+BADA,6,9,22
뫛,U+BADB,6,9,23
뫜,U+BADC,6,9,24
뫝,U+BADD,6,9,25
뫞,U+BADE,6,9,26
뫟,U+BADF,6,9,27
뫠,U+BAE0,6,10,0
뫡,U+BAE1,6,10,1
뫢,U+BAE2,6,10,2
뫣,U+BAE3,6,10,3
뫤,U+BAE4,6,10,4
뫥,U+BAE5,6,10,5
뫦,U+BAE6,6,10,6
뫧,U+BAE7,6,10,7
뫨,U+BAE8,6,10,8
뫩,U+BAE9,6,10,9
뫪,U+BAEA,6,10,10
뫫,U+BAEB,6,10,11
뫬,U+BAEC,6,10,12
뫭,U+BAED,6,10,13
뫮,U+BAEE,6,10,14
뫯,U+BAEF,6,10,15
뫰,U+BAF0,6,10,16
뫱,U+BAF1,6,10,17
뫲,U+BAF2,6,10,18
뫳,U+BAF3,6,10,19
뫴,U+BAF4,6,10,20
뫵,U+BAF5,6,10,21
뫶,U+BAF6,6,10,22
뫷,U+BAF7,6,10,23
뫸,U+BAF8,6,10,24
뫹,U+BAF9,6,10,25
뫺,U+BAFA,6,10,26
뫻,U+BAFB,6,10,27
뫼,U+BAFC,6,11,0
뫽,U+BAFD,6,11,1
뫾,U+BAFE,6,11,2
뫿,U+BAFF,6,11,3
묀,U+BB00,6,11,4
묁,U+BB01,6,11,5
묂,U+BB02,6,11,6
묃,U+BB03,6,11,7
묄,U+BB04,6,11,8
묅,U+BB05,6,11,9
묆,U+BB06,6,11,10
묇,U+BB07,6,11,11
묈,U+BB08,6,11,12
묉,U+BB09,6,11,13
묊,U+BB0A,6,11,14
묋,U+BB0B,6,11,15
묌,U+BB0C,6,11,16
묍,U+BB0D,6,11,17
묎,U+BB0E,6,11,18
묏,U+BB0F,6,11,19
묐,U+BB10,6,11,20
묑,U+BB11,6,11,21
묒,U+BB12,6,11,22
묓,U+BB13,6,11,23
묔,U+BB14,6,11,24
묕,U+BB15,6,11,25
묖,U+BB16,6,11,26
묗,U+BB17,6,11,27
묘,U+BB18,6,12,0
묙,U+BB19,6,12,1
묚,U+BB1A,6,12,2
묛,U+BB1B,6,12,3
묜,U+BB1C,6,12,4
묝,U+BB1D,6,12,5
묞,U+BB1E,6,12,6
묟,U+BB1F,6,12,7
묠,U+BB20,6,12,8
묡,U+BB21,6,12,9
묢,U+BB22,6,12,10
묣,U+BB23,6,12,11
묤,U+BB24,6,12,12
묥,U+BB25,6,12,13
묦,U+BB26,6,12,14
묧,U+BB27,6,12,15
묨,U+BB28,6,12,16
묩,U+BB29,6,12,17
묪,U+BB2A,6,12,18
묫,U+BB2B,6,12,19
묬,U+BB2C,6,12,20
묭,U+BB2D,6,12,21
묮,U+BB2E,6,12,22
묯,U+BB2F,6,12,23
묰,U+BB30,6,12,24
묱,U+BB31,6,12,25
묲,U+BB32,6,12,26
묳,U+BB33,6,12,27
무,U+BB34,6,13,0
묵,U+BB35,6,13,1
묶,U+BB36,6,13,2
묷,U+BB37,6,13,3
문,U+BB38,6,13,4
묹,U+BB39,6,13,5
묺,U+BB3A,6,13,6
묻,U+BB3B,6,13,7
물,U+BB3C,6,13,8
묽,U+BB3D,6,13,9
묾,U+BB3E,6,13,10
묿,U+BB3F,6,13,11
뭀,U+BB40,6,13,12
뭁,U+BB41,6,13,13
뭂,U+BB42,6,13,14
뭃,U+BB43,6,13,15
뭄,U+BB44,6,13,16
뭅,U+BB45,6,13,17
뭆,U+BB46,6,13,18
뭇,U+BB47,6,13,19
뭈,U+BB48,6,13,20
뭉,U+BB49,6,13,21
뭊,U+BB4A,6,13,22
뭋,U+BB4B,6,13,23
뭌,U+BB4C,6,13,24
뭍,U+BB4D,6,13,25
뭎,U+BB4E,6,13,26
뭏,U+BB4F,6,13,27
뭐,U+BB50,6,14,0
뭑,U+BB51,6,14,1
뭒,U+BB52,6,14,2
뭓,U+BB53,6,14,3
뭔,U+BB54,6,14,4
뭕,U+BB55,6,14,5
뭖,U+BB56,6,14,6
뭗,U+BB57,6,14,7
뭘,U+BB58,6,14,8
뭙,U+BB59,6,14,9
뭚,U+BB5A,6,14,10
뭛,U+BB5B,6,14,11
뭜,U+BB5C,6,14,12
뭝,U+BB5D,6,14,13
뭞,U+BB5E,6,14,14
뭟,U+BB5F,6,14,15
뭠,U+BB60,6,14,16
뭡,U+BB61,6,14,17
뭢,U+BB62,6,14,18
뭣,U+BB63,6,14,19
뭤,U+BB64,6,14,20
뭥,U+BB65,6,14,21
뭦,U+BB66,6,14,22
뭧,U+BB67,6,14,23
뭨,U+BB68,6,14,24
뭩,U+BB69,6,14,25
뭪,U+BB6A,6,14,26
뭫,U+BB6B,6,14,27
뭬,U+BB6C,6,15,0
뭭,U+BB6D,6,15,1
뭮,U+BB6E,6,15,2
뭯,U+BB6F,6,15,3
뭰,U+BB70,6,15,4
뭱,U+BB71,6,15,5
뭲,U+BB72,6,15,6
뭳,U+BB73,6,15,7
뭴,U+BB74,6,15,8
뭵,U+BB75,6,15,9
뭶,U+BB76,6,15,10
뭷,U+BB77,6,15,11
뭸,U+BB78,6,15,12
뭹,U+BB79,6,15,13
뭺,U+BB7A,6,15,14
뭻,U+BB7B,6,15,15
뭼,U+BB7C,6,15,16
뭽,U+BB7D,6,15,17
뭾,U+BB7E,6,15,18
뭿,U+BB7F,6,15,19
뮀,U+BB80,6,15,20
뮁,U+BB81,6,15,21
뮂,U+BB82,6,15,22
뮃,U+BB83,6,15,23
뮄,U+BB84,6,15,24
뮅,U+BB85,6,15,25
뮆,U+BB86,6,15,26
뮇,U+BB87,6,15,27
뮈,U+BB88,6,16,0
뮉,U+BB89,6,16,1
뮊,U+BB8A,6,16,2
뮋,U+BB8B,6,16,3
뮌,U+BB8C,6,16,4
뮍,U+BB8D,6,16,5
뮎,U+BB8E,6,16,6
뮏,U+BB8F,6,16,7
뮐,U+BB90,6,16,8
뮑,U+BB91,6,16,9
뮒,U+BB92,6,16,10
뮓,U+BB93,6,16,11
뮔,U+BB94,6,16,12
뮕,U+BB95,6,16,13
뮖,U+BB96,6,16,14
뮗,U+BB97,6,16,15
뮘,U+BB98,6,16,16
뮙,U+BB99,6,16,17
뮚,U+BB9A,6,16,18
뮛,U+BB9B,6,16,19
뮜,U+BB9C,6,16,20
뮝,U+BB9D,6,16,21
뮞,U+BB9E,6,16,22
뮟,U+BB9F,6,16,23
뮠,U+BBA0,6,16,24
뮡,U+BBA1,6,16,25
뮢,U+BBA2,6,16,26
뮣,U+BBA3,6,16,27
뮤,U+BBA4,6,17,0
뮥,U+BBA5,6,17,1
뮦,U+BBA6,6,17,2
뮧,U+BBA7,6,17,3
뮨,U+BBA8,6,17,4
뮩,U+BBA9,6,17,5
뮪,U+BBAA,6,17,6
뮫,U+BBAB,6,17,7
뮬,U+BBAC,6,17,8
뮭,U+BBAD,6,17,9
뮮,U+BBAE,6,17,10
뮯,U+BBAF,6,17,11
뮰,U+BBB0,6,17,12
뮱,U+BBB1,6,17,13
뮲,U+BBB2,6,17,14
뮳,U+BBB3,6,17,15
뮴,U+BBB4,6,17,16
뮵,U+BBB5,6,17,17
뮶,U+BBB6,6,17,18
뮷,U+BBB7,6,17,19
뮸,U+BBB8,6,17,20
뮹,U+BBB9,6,17,21
뮺,U+BBBA,6,17,22
뮻,U+BBBB,6,17,23
뮼,U+BBBC,6,17,24
뮽,U+BBBD,6,17,25
뮾,U+BBBE,6,17,26
뮿,U+BBBF,6,17,27
므,U+BBC0,6,18,0
믁,U+BBC1,6,18,1
믂,U+BBC2,6,18,2
믃,U+BBC3,6,18,3
믄,U+BBC4,6,18,4
믅,U+BBC5,6,18,5
믆,U+BBC6,6,18,6
믇,U+BBC7,6,18,7
믈,U+BBC8,6,18,8
믉,U+BBC9,6,18,9
믊,U+BBCA,6,18,10
믋,U+BBCB,6,18,11
믌,U+BBCC,6,18,12
믍,U+BBCD,6,18,13
믎,U+BBCE,6,18,14
믏,U+BBCF,6,18,15
믐,U+BBD0,6,18,16
믑,U+BBD1,6,18,17
믒,U+BBD2,6,18,18
믓,U+BBD3,6,18,19
믔,U+BBD4,6,18,20
믕,U+BBD5,6,18,21
믖,U+BBD6,6,18,22
믗,U+BBD7,6,18,23
믘,U+BBD8,6,18,24
믙,U+BBD9,6,18,25
믚,U+BBDA,6,18,26
믛,U+BBDB,6,18,27
믜,U+BBDC,6,19,0
믝,U+BBDD,6,19,1
믞,U+BBDE,6,19,2
믟,U+BBDF,6,19,3
믠,U+BBE0,6,19,4
믡,U+BBE1,6,19,5
믢,U+BBE2,6,19,6
믣,U+BBE3,6,19,7
믤,U+BBE4,6,19,8
믥,U+BBE5,6,19,9
믦,U+BBE6,6,19,10
믧,U+BBE7,6,19,11
믨,U+BBE8,6,19,12
믩,U+BBE9,6,19,13
믪,U+BBEA,6,19,14
믫,U+BBEB,6,19,15
믬,U+BBEC,6,19,16
믭,U+BBED,6,19,17
믮,U+BBEE,6,19,18
믯,U+BBEF,6,19,19
믰,U+BBF0,6,19,20
믱,U+BBF1,6,19,21
믲,U+BBF2,6,19,22
믳,U+BBF3,6,19,23
믴,U+BBF4,6,19,24
믵,U+BBF5,6,19,25
믶,U+BBF6,6,19,26
믷,U+BBF7,6,19,27
미,U+BBF8,6,20,0
믹,U+BBF9,6,20,1
믺,U+BBFA,6,20,2
믻,U+BBFB,6,20,3
민,U+BBFC,6,20,4
믽,U+BBFD,6,20,5
믾,U+BBFE,6,20,6
믿,U+BBFF,6,20,7
밀,U+BC00,6,20,8
밁,U+BC01,6,20,9
밂,U+BC02,6,20,10
밃,U+BC03,6,20,11
밄,U+BC04,6,20,12
밅,U+BC05,6,20,13
밆,U+BC06,6,20,14
밇,U+BC07,6,20,15
밈,U+BC08,6,20,16
밉,U+BC09,6,20,17
밊,U+BC0A,6,20,18
밋,U+BC0B,6,20,19
밌,U+BC0C,6,20,20
밍,U+BC0D,6,20,21
밎,U+BC0E,6,20,22
및,U+BC0F,6,20,23
밐,U+BC10,6,20,24
밑,U+BC11,6,20,25
밒,U+BC12,6,20,26
밓,U+BC13,6,20,27
바,U+BC14,7,0,0
박,U+BC15,7,0,1
밖,U+BC16,7,0,2
밗,U+BC17,7,0,3
반,U+BC18,7,0,4
밙,U+BC19,7,0,5
밚,U+BC1A,7,0,6
받,U+BC1B,7,0,7
발,U+BC1C,7,0,8
밝,U+BC1D,7,0,9
밞,U+BC1E,7,0,10
밟,U+BC1F,7,0,11
밠,U+BC20,7,0,12
밡,U+BC21,7,0,13
밢,U+BC22,7,0,14
밣,U+BC23,7,0,15
밤,U+BC24,7,0,16
밥,U+BC25,7,0,17
밦,U+BC26,7,0,18
밧,U+BC27,7,0,19
밨,U+BC28,7,0,20
방,U+BC29,7,0,21
밪,U+BC2A,7,0,22
밫,U+BC2B,7,0,23
밬,U+BC2C,7,0,24
밭,U+BC2D,7,0,25
밮,U+BC2E,7,0,26
밯,U+BC2F,7,0,27
배,U+BC30,7,1,0
백,U+BC31,7,1,1
밲,U+BC32,7,1,2
밳,U+BC33,7,1,3
밴,U+BC34,7,1,4
밵,U+BC35,7,1,5
밶,U+BC36,7,1,6
밷,U+BC37,7,1,7
밸,U+BC38,7,1,8
밹,U+BC39,7,1,9
밺,U+BC3A,7,1,10
밻,U+BC3B,7,1,11
밼,U+BC3C,7,1,12
밽,U+BC3D,7,1,13
밾,U+BC3E,7,1,14
밿,U+BC3F,7,1,15
뱀,U+BC40,7,1,16
뱁,U+BC41,7,1,17
뱂,U+BC42,7,1,18
뱃,U+BC43,7,1,19
뱄,U+BC44,7,1,20
뱅,U+BC45,7,1,21
뱆,U+BC46,7,1,22
뱇,U+BC47,7,1,23
뱈,U+BC48,7,1,24
뱉,U+BC49,7,1,25
뱊,U+BC4A,7,1,26
뱋,U+BC4B,7,1,27
뱌,U+BC4C,7,2,0
뱍,U+BC4D,7,2,1
뱎,U+BC4E,7,2,2
뱏,U+BC4F,7,2,3
뱐,U+BC50,7,2,4
뱑,U+BC51,7,2,5
뱒,U+BC52,7,2,6
뱓,U+BC53,7,2,7
뱔,U+BC54,7,2,8
뱕,U+BC55,7,2,9
뱖,U+BC56,7,2,10
뱗,U+BC57,7,2,11
뱘,U+BC58,7,2,12
뱙,U+BC59,7,2,13
뱚,U+BC5A,7,2,14
뱛,U+BC5B,7,2,15
뱜,U+BC5C,7,2,16
뱝,U+BC5D,7,2,17
뱞,U+BC5E,7,2,18
뱟,U+BC5F,7,2,19
뱠,U+BC60,7,2,20
뱡,U+BC61,7,2,21
뱢,U+BC62,7,2,22
뱣,U+BC63,7,2,23
뱤,U+BC64,7,2,24
뱥,U+BC65,7,2,25
뱦,U+BC66,7,2,26
뱧,U+BC67,7,2,27
뱨,U+BC68,7,3,0
뱩,U+BC69,7,3,1
뱪,U+BC6A,7,3,2
뱫,U+BC6B,7,3,3
뱬,U+BC6C,7,3,4
뱭,U+BC6D,7,3,5
뱮,U+BC6E,7,3,6
뱯,U+BC6F,7,3,7
뱰,U+BC70,7,3,8
뱱,U+BC71,7,3,9
뱲,U+BC72,7,3,10
뱳,U+BC73,7,3,11
뱴,U+BC74,7,3,12
뱵,U+BC75,7,3,13
뱶,U+BC76,7,3,14
뱷,U+BC77,7,3,15
뱸,U+BC78,7,3,16
뱹,U+BC79,7,3,17
뱺,U+BC7A,7,3,18
뱻,U+BC7B,7,3,19
뱼,U+BC7C,7,3,20
뱽,U+BC7D,7,3,21
뱾,U+BC7E,7,3,22
뱿,U+BC7F,7,3,23
벀,U+BC80,7,3,24
벁,U+BC81,7,3,25
벂,U+BC82,7,3,26
벃,U+BC83,7,3,27
버,U+BC84,7,4,0
벅,U+BC85,7,4,1
벆,U+BC86,7,4,2
벇,U+BC87,7,4,3
번,U+BC88,7,4,4
벉,U+BC89,7,4,5
벊,U+BC8A,7,4,6
벋,U+BC8B,7,4,7
벌,U+BC8C,7,4,8
벍,U+BC8D,7,4,9
벎,U+BC8E,7,4,10
벏,U+BC8F,7,4,11
벐,U+BC90,7,4,12
벑,U+BC91,7,4,13
벒,U+BC92,7,4,14
벓,U+BC93,7,4,15
범,U+BC94,7,4,16
법,U+BC95,7,4,17
벖,U+BC96,7,4,18
벗,U+BC97,7,4,19
벘,U+BC98,7,4,20
벙,U+BC99,7,4,21
벚,U+BC9A,7,4,22
벛,U+BC9B,7,4,23
벜,U+BC9C,7,4,24
벝,U+BC9D,7,4,25
벞,U+BC9E,7,4,26
벟,U+BC9F,7,4,27
베,U+BCA0,7,5,0
벡,U+BCA1,7,5,1
벢,U+BCA2,7,5,2
벣,U+BCA3,7,5,3
벤,U+BCA4,7,5,4
벥,U+BCA5,7,5,5
벦,U+BCA6,7,5,6
벧,U+BCA7,7,5,7
벨,U+BCA8,7,5,8
벩,U+BCA9,7,5,9
벪,U+BCAA,7,5,10
벫,U+BCAB,7,5,11
벬,U+BCAC,7,5,12
벭,U+BCAD,7,5,13
벮,U+BCAE,7,5,14
벯,U+BCAF,7,5,15
벰,U+BCB0,7,5,16
벱,U+BCB1,7,5,17
벲,U+BCB2,7,5,18
벳,U+BCB3,7,5,19
벴,U+BCB4,7,5,20
벵,U+BCB5,7,5,21
벶,U+BCB6,7,5,22
벷,U+BCB7,7,5,23
벸,U+BCB8,7,5,24
벹,U+BCB9,7,5,25
벺,U+BCBA,7,5,26
벻,U+BCBB,7,5,27
벼,U+BCBC,7,6,0
벽,U+BCBD,7,6,1
벾,U+BCBE,7,6,2
벿,U+BCBF,7,6,3
변,U+BCC0,7,6,4
볁,U+BCC1,7,6,5
볂,U+BCC2,7,6,6
볃,U+BCC3,7,6,7
별,U+BCC4,7,6,8
볅,U+BCC5,7,6,9
볆,U+BCC6,7,6,10
볇,U+BCC7,7,6,11
볈,U+BCC8,7,6,12
볉,U+BCC9,7,6,13
볊,U+BCCA,7,6,14
볋,U+BCCB,7,6,15
볌,U+BCCC,7,6,16
볍,U+BCCD,7,6,17
볎,U+BCCE,7,6,18
볏,U+BCCF,7,6,19
볐,U+BCD0,7,6,20
병,U+BCD1,7,6,21
볒,U+BCD2,7,6,22
볓,U+BCD3,7,6,23
볔,U+BCD4,7,6,24
볕,U+BCD5,7,6,25
볖,U+BCD6,7,6,26
볗,U+BCD7,7,6,27
볘,U+BCD8,7,7,0
볙,U+BCD9,7,7,1
볚,U+BCDA,7,7,2
볛,U+BCDB,7,7,3
볜,U+BCDC,7,7,4
볝,U+BCDD,7,7,5
볞,U+BCDE,7,7,6
볟,U+BCDF,7,7,7
볠,U+BCE0,7,7,8
볡,U+BCE1,7,7,9
볢,U+BCE2,7,7,10
볣,U+BCE3,7,7,11
볤,U+BCE4,7,7,12
볥,U+BCE5,7,7,13
볦,U+BCE6,7,7,14
볧,U+BCE7,7,7,15
볨,U+BCE8,7,7,16
볩,U+BCE9,7,7,17
볪,U+BCEA,7,7,18
볫,U+BCEB,7,7,19
볬,U+BCEC,7,7,20
볭,U+BCED,7,7,21
볮,U+BCEE,7,7,22
볯,U+BCEF,7,7,23
볰,U+BCF0,7,7,24
볱,U+BCF1,7,7,25
볲,U+BCF2,7,7,26
볳,U+BCF3,7,7,27
보,U+BCF4,7,8,0
복,U+BCF5,7,8,1
볶,U+BCF6,7,8,2
볷,U+BCF7,7,8,3
본,U+BCF8,7,8,4
볹,U+BCF9,7,8,5
볺,U+BCFA,7,8,6
볻,U+BCFB,7,8,7
볼,U+BCFC,7,8,8
볽,U+BCFD,7,8,9
볾,U+BCFE,7,8,10
볿,U+BCFF,7,8,11
봀,U+BD00,7,8,12
봁,U+BD01,7,8,13
봂,U+BD02,7,8,14
봃,U+BD03,7,8,15
봄,U+BD04,7,8,16
봅,U+BD05,7,8,17
봆,U+BD06,7,8,18
봇,U+BD07,7,8,19
봈,U+BD08,7,8,20
봉,U+BD09,7,8,21
봊,U+BD0A,7,8,22
봋,U+BD0B,7,8,23
봌,U+BD0C,7,8,24
봍,U+BD0D,7,8,25
봎,U+BD0E,7,8,26
봏,U+BD0F,7,8,27
봐,U+BD10,7,9,0
봑,U+BD11,7,9,1
봒,U+BD12,7,9,2
봓,U+BD13,7,9,3
봔,U+BD14,7,9,4
봕,U+BD15,7,9,5
봖,U+BD16,7,9,6
봗,U+BD17,7,9,7
봘,U+BD18,7,9,8
봙,U+BD19,7,9,9
봚,U+BD1A,7,9,10
봛,U+BD1B,7,9,11
봜,U+BD1C,7,9,12
봝,U+BD1D,7,9,13
봞,U+BD1E,7,9,14
봟,U+BD1F,7,9,15
봠,U+BD20,7,9,16
봡,U+BD21,7,9,17
봢,U+BD22,7,9,18
봣,U+BD23,7,9,19
봤,U+BD24,7,9,20
봥,U+BD25,7,9,21
봦,U+BD26,7,9,22
봧,U+BD27,7,9,23
봨,U+BD28,7,9,24
봩,U+BD29,7,9,25
봪,U+BD2A,7,9,26
봫,U+BD2B,7,9,27
봬,U+BD2C,7,10,0
봭,U+BD2D,7,10,1
봮,U+BD2E,7,10,2
봯,U+BD2F,7,10,3
봰,U+BD30,7,10,4
봱,U+BD31,7,10,5
봲,U+BD32,7,10,6
봳,U+BD33,7,10,7
봴,U+BD34,7,10,8
봵,U+BD35,7,10,9
봶,U+BD36,7,10,10
봷,U+BD37,7,10,11
봸,U+BD38,7,10,12
봹,U+BD39,7,10,13
봺,U+BD3A,7,10,14
봻,U+BD3B,7,10,15
봼,U+BD3C,7,10,16
봽,U+BD3D,7,10,17
봾,U+BD3E,7,10,18
봿,U+BD3F,7,10,19
뵀,U+BD40,7,10,20
뵁,U+BD41,7,10,21
뵂,U+BD42,7,10,22
뵃,U+BD43,7,10,23
뵄,U+BD44,7,10,24
뵅,U+BD45,7,10,25
뵆,U+BD46,7,10,26
뵇,U+BD47,7,10,27
뵈,U+BD48,7,11,0
뵉,U+BD49,7,11,1
뵊,U+BD4A,7,11,2
뵋,U+BD4B,7,11,3
뵌,U+BD4C,7,11,4
뵍,U+BD4D,7,11,5
뵎,U+BD4E,7,11,6
뵏,U+BD4F,7,11,7
뵐,U+BD50,7,11,8
뵑,U+BD51,7,11,9
뵒,U+BD52,7,11,10
뵓,U+BD53,7,11,11
뵔,U+BD54,7,11,12
뵕,U+BD55,7,11,13
뵖,U+BD56,7,11,14
뵗,U+BD57,7,11,15
뵘,U+BD58,7,11,16
뵙,U+BD59,7,11,17
뵚,U+BD5A,7,11,18
뵛,U+BD5B,7,11,19
뵜,U+BD5C,7,11,20
뵝,U+BD5D,7,11,21
뵞,U+BD5E,7,11,22
뵟,U+BD5F,7,11,23
뵠,U+BD60,7,11,24
뵡,U+BD61,7,11,25
뵢,U+BD62,7,11,26
뵣,U+BD63,7,11,27
뵤,U+BD64,7,12,0
뵥,U+BD65,7,12,1
뵦,U+BD66,7,12,2
뵧,U+BD67,7,12,3
뵨,U+BD68,7,12,4
뵩,U+BD69,7,12,5
뵪,U+BD6A,7,12,6
뵫,U+BD6B,7,12,7
뵬,U+BD6C,7,12,8
뵭,U+BD6D,7,12,9
뵮,U+BD6E,7,12,10
뵯,U+BD6F,7,12,11
뵰,U+BD70,7,12,12
뵱,U+BD71,7,12,13
뵲,U+BD72,7,12,14
뵳,U+BD73,7,12,15
뵴,U+BD74,7,12,16
뵵,U+BD75,7,12,17
뵶,U+BD76,7,12,18
뵷,U+BD77,7,12,19
뵸,U+BD78,7,12,20
뵹,U+BD79,7,12,21
뵺,U+BD7A,7,12,22
뵻,U+BD7B,7,12,23
뵼,U+BD7C,7,12,24
뵽,U+BD7D,7,12,25
뵾,U+BD7E,7,12,26
뵿,U+BD7F,7,12,27
부,U+BD80,7,13,0
북,U+BD81,7,13,1
붂,U+BD82,7,13,2
붃,U+BD83,7,13,3
분,U+BD84,7,13,4
붅,U+BD85,7,13,5
붆,U+BD86,7,13,6
붇,U+BD87,7,13,7
불,U+BD88,7,13,8
붉,U+BD89,7,13,9
붊,U+BD8A,7,13,10
붋,U+BD8B,7,13,11
붌,U+BD8C,7,13,12
붍,U+BD8D,7,13,13
붎,U+BD8E,7,13,14
붏,U+BD8F,7,13,15
붐,U+BD90,7,13,16
붑,U+BD91,7,13,17
붒,U+BD92,7,13,18
붓,U+BD93,7,13,19
붔,U+BD94,7,13,20
붕,U+BD95,7,13,21
붖,U+BD96,7,13,22
붗,U+BD97,7,13,23
붘,U+BD98,7,13,24
붙,U+BD99,7,13,25
붚,U+BD9A,7,13,26
붛,U+BD9B,7,13,27
붜,U+BD9C,7,14,0
붝,U+BD9D,7,14,1
붞,U+BD9E,7,14,2
붟,U+BD9F,7,14,3
붠,U+BDA0,7,14,4
붡,U+BDA1,7,14,5
붢,U+BDA2,7,14,6
붣,U+BDA3,7,14,7
붤,U+BDA4,7,14,8
붥,U+BDA5,7,14,9
붦,U+BDA6,7,14,10
붧,U+BDA7,7,14,11
붨,U+BDA8,7,14,12
붩,U+BDA9,7,14,13
붪,U+BDAA,7,14,14
붫,U+BDAB,7,14,15
붬,U+BDAC,7,14,16
붭,U+BDAD,7,14,17
붮,U+BDAE,7,14,18
붯,U+BDAF,7,14,19
붰,U+BDB0,7,14,20
붱,U+BDB1,7,14,21
붲,U+BDB2,7,14,22
붳,U+BDB3,7,14,23
붴,U+BDB4,7,14,24
붵,U+BDB5,7,14,25
붶,U+BDB6,7,14,26
붷,U+BDB7,7,14,27
붸,U+BDB8,7,15,0
붹,U+BDB9,7,15,1
붺,U+BDBA,7,15,2
붻,U+BDBB,7,15,3
붼,U+BDBC,7,15,4
붽,U+BDBD,7,15,5
붾,U+BDBE,7,15,6
붿,U+BDBF,7,15,7
뷀,U+BDC0,7,15,8
뷁,U+BDC1,7,15,9
뷂,U+BDC2,7,15,10
뷃,U+BDC3,7,15,11
뷄,U+BDC4,7,15,12
뷅,U+BDC5,7,15,13
뷆,U+BDC6,7,15,14
뷇,U+BDC7,7,15,15
뷈,U+BDC8,7,15,16
뷉,U+BDC9,7,15,17
뷊,U+BDCA,7,15,18
뷋,U+BDCB,7,15,19
뷌,U+BDCC,7,15,20
뷍,U+BDCD,7,15,21
뷎,U+BDCE,7,15,22
뷏,U+BDCF,7,15,23
뷐,U+BDD0,7,15,24
뷑,U+BDD1,7,15,25
뷒,U+BDD2,7,15,26
뷓,U+BDD3,7,15,27
뷔,U+BDD4,7,16,0
뷕,U+BDD5,7,16,1
뷖,U+BDD6,7,16,2
뷗,U+BDD7,7,16,3
뷘,U+BDD8,7,16,4
뷙,U+BDD9,7,16,5
뷚,U+BDDA,7,16,6
뷛,U+BDDB,7,16,7
뷜,U+BDDC,7,16,8
뷝,U+BDDD,7,16,9
뷞,U+BDDE,7,16,10
뷟,U+BDDF,7,16,11
뷠,U+BDE0,7,16,12
뷡,U+BDE1,7,16,13
뷢,U+BDE2,7,16,14
뷣,U+BDE3,7,16,15
뷤,U+BDE4,7,16,16
뷥,U+BDE5,7,16,17
뷦,U+BDE6,7,16,18
뷧,U+BDE7,7,16,19
뷨,U+BDE8,7,16,20
뷩,U+BDE9,7,16,21
뷪,U+BDEA,7,16,22
뷫,U+BDEB,7,16,23
뷬,U+BDEC,7,16,24
뷭,U+BDED,7,16,25
뷮,U+BDEE,7,16,26
뷯,U+BDEF,7,16,27
뷰,U+BDF0,7,17,0
뷱,U+BDF1,7,17,1
뷲,U+BDF2,7,17,2
뷳,U+BDF3,7,17,3
뷴,U+BDF4,7,17,4
뷵,U+BDF5,7,17,5
뷶,U+BDF6,7,17,6
뷷,U+BDF7,7,17,7
뷸,U+BDF8,7,17,8
뷹,U+BDF9,7,17,9
뷺,U+BDFA,7,17,10
뷻,U+BDFB,7,17,11
뷼,U+BDFC,7,17,12
뷽,U+BDFD,7,17,13
뷾,U+BDFE,7,17,14
뷿,U+BDFF,7,17,15
븀,U+BE00,7,17,16
븁,U+BE01,7,17,17
븂,U+BE02,7,17,18
븃,U+BE03,7,17,19
븄,U+BE04,7,17,20
븅,U+BE05,7,17,21
븆,U+BE06,7,17,22
븇,U+BE07,7,17,23
븈,U+BE08,7,17,24
븉,U+BE09,7,17,25
븊,U+BE0A,7,17,26
븋,U+BE0B,7,17,27
브,U+BE0C,7,18,0
븍,U+BE0D,7,18,1
븎,U+BE0E,7,18,2
븏,U+BE0F,7,18,3
븐,U+BE10,7,18,4
븑,U+BE11,7,18,5
븒,U+BE12,7,18,6
븓,U+BE13,7,18,7
블,U+BE14,7,18,8
븕,U+BE15,7,18,9
븖,U+BE16,7,18,10
븗,U+BE17,7,18,11
븘,U+BE18,7,18,12
븙,U+BE19,7,18,13
븚,U+BE1A,7,18,14
븛,U+BE1B,7,18,15
븜,U+BE1C,7,18,16
븝,U+BE1D,7,18,17
븞,U+BE1E,7,18,18
븟,U+BE1F,7,18,19
븠,U+BE20,7,18,20
븡,U+BE21,7,18,21
븢,U+BE22,7,18,22
븣,U+BE23,7,18,23
븤,U+BE24,7,18,24
븥,U+BE25,7,18,25
븦,U+BE26,7,18,26
븧,U+BE27,7,18,27
븨,U+BE28,7,19,0
븩,U+BE29,7,19,1
븪,U+BE2A,7,19,2
븫,U+BE2B,7,19,3
븬,U+BE2C,7,19,4
븭,U+BE2D,7,19,5
븮,U+BE2E,7,19,6
븯,U+BE2F,7,19,7
븰,U+BE30,7,19,8
븱,U+BE31,7,19,9
븲,U+BE32,7,19,10
븳,U+BE33,7,19,11
븴,U+BE34,7,19,12
븵,U+BE35,7,19,13
븶,U+BE36,7,19,14
븷,U+BE37,7,19,15
븸,U+BE38,7,19,16
븹,U+BE39,7,19,17
븺,U+BE3A,7,19,18
븻,U+BE3B,7,19,19
븼,U+BE3C,7,19,20
븽,U+BE3D,7,19,21
븾,U+BE3E,7,19,22
븿,U+BE3F,7,19,23
빀,U+BE40,7,19,24
빁,U+BE41,7,19,25
빂,U+BE42,7,19,26
빃,U+BE43,7,19,27
비,U+BE44,7,20,0
빅,U+BE45,7,20,1
빆,U+BE46,7,20,2
빇,U+BE47,7,20,3
빈,U+BE48,7,20,4
빉,U+BE49,7,20,5
빊,U+BE4A,7,20,6
빋,U+BE4B,7,20,7
빌,U+BE4C,7,20,8
빍,U+BE4D,7,20,9
빎,U+BE4E,7,20,10
빏,U+BE4F,7,20,11
빐,U+BE50,7,20,12
빑,U+BE51,7,20,13
빒,U+BE52,7,20,14
빓,U+BE53,7,20,15
빔,U+BE54,7,20,16
빕,U+BE55,7,20,17
빖,U+BE56,7,20,18
빗,U+BE57,7,20,19
빘,U+BE58,7,20,20
빙,U+BE59,7,20,21
빚,U+BE5A,7,20,22
빛,U+BE5B,7,20,23
빜,U+BE5C,7,20,24
빝,U+BE5D,7,20,25
빞,U+BE5E,7,20,26
빟,U+BE5F,7,20,27
빠,U+BE60,8,0,0
빡,U+BE61,8,0,1
빢,U+BE62,8,0,2
빣,U+BE63,8,0,3
빤,U+BE64,8,0,4
빥,U+BE65,8,0,5
빦,U+BE66,8,0,6
빧,U+BE67,8,0,7
빨,U+BE68,8,0,8
빩,U+BE69,8,0,9
빪,U+BE6A,8,0,10
빫,U+BE6B,8,0,11
빬,U+BE6C,8,0,12
빭,U+BE6D,8,0,13
빮,U+BE6E,8,0,14
빯,U+BE6F,8,0,15
빰,U+BE70,8,0,16
빱,U+BE71,8,0,17
빲,U+BE72,8,0,18
빳,U+BE73,8,0,19
빴,U+BE74,8,0,20
빵,U+BE75,8,0,21
빶,U+BE76,8,0,22
빷,U+BE77,8,0,23
빸,U+BE78,8,0,24
빹,U+BE79,8,0,25
빺,U+BE7A,8,0,26
빻,U+BE7B,8,0,27
빼,U+BE7C,8,1,0
빽,U+BE7D,8,1,1
빾,U+BE7E,8,1,2
빿,U+BE7F,8,1,3
뺀,U+BE80,8,1,4
뺁,U+BE81,8,1,5
뺂,U+BE82,8,1,6
뺃,U+BE83,8,1,7
뺄,U+BE84,8,1,8
뺅,U+BE85,8,1,9
뺆,U+BE86,8,1,10
뺇,U+BE87,8,1,11
뺈,U+BE88,8,1,12
뺉,U+BE89,8,1,13
뺊,U+BE8A,8,1,14
뺋,U+BE8B,8,1,15
뺌,U+BE8C,8,1,16
뺍,U+BE8D,8,1,17
뺎,U+BE8E,8,1,18
뺏,U+BE8F,8,1,19
뺐,U+BE90,8,1,20
뺑,U+BE91,8,1,21
뺒,U+BE92,8,1,22
뺓,U+BE93,8,1,23
뺔,U+BE94,8,1,24
뺕,U+BE95,8,1,25
뺖,U+BE96,8,1,26
뺗,U+BE97,8,1,27
뺘,U+BE98,8,2,0
뺙,U+BE99,8,2,1
뺚,U+BE9A,8,2,2
뺛,U+BE9B,8,2,3
뺜,U+BE9C,8,2,4
뺝,U+BE9D,8,2,5
뺞,U+BE9E,8,2,6
뺟,U+BE9F,8,2,7
뺠,U+BEA0,8,2,8
뺡,U+BEA1,8,2,9
뺢,U+BEA2,8,2,10
뺣,U+BEA3,8,2,11
뺤,U+BEA4,8,2,12
뺥,U+BEA5,8,2,13
뺦,U+BEA6,8,2,14
뺧,U+BEA7,8,2,15
뺨,U+BEA8,8,2,16
뺩,U+BEA9,8,2,17
뺪,U+BEAA,8,2,18
뺫,U+BEAB,8,2,19
뺬,U+BEAC,8,2,20
뺭,U+BEAD,8,2,21
뺮,U+BEAE,8,2,22
뺯,U+BEAF,8,2,23
뺰,U+BEB0,8,2,24
뺱,U+BEB1,8,2,25
뺲,U+BEB2,8,2,26
뺳,U+BEB3,8,2,27
뺴,U+BEB4,8,3,0
뺵,U+BEB5,8,3,1
뺶,U+BEB6,8,3,2
뺷,U+BEB7,8,3,3
뺸,U+BEB8,8,3,4
뺹,U+BEB9,8,3,5
뺺,U+BEBA,8,3,6
뺻,U+BEBB,8,3,7
뺼,U+BEBC,8,3,8
뺽,U+BEBD,8,3,9
뺾,U+BEBE,8,3,10
뺿,U+BEBF,8,3,11
뻀,U+BEC0,8,3,12
뻁,U+BEC1,8,3,13
뻂,U+BEC2,8,3,14
뻃,U+BEC3,8,3,15
뻄,U+BEC4,8,3,16
뻅,U+BEC5,8,3,17
뻆,U+BEC6,8,3,18
뻇,U+BEC7,8,3,19
뻈,U+BEC8,8,3,20
뻉,U+BEC9,8,3,21
뻊,U+BECA,8,3,22
뻋,U+BECB,8,3,23
뻌,U+BECC,8,3,24
뻍,U+BECD,8,3,25
뻎,U+BECE,8,3,26
뻏,U+BECF,8,3,27
뻐,U+BED0,8,4,0
뻑,U+BED1,8,4,1
뻒,U+BED2,8,4,2
뻓,U+BED3,8,4,3
뻔,U+BED4,8,4,4
뻕,U+BED5,8,4,5
뻖,U+BED6,8,4,6
뻗,U+BED7,8,4,7
뻘,U+BED8,8,4,8
뻙,U+BED9,8,4,9
뻚,U+BEDA,8,4,10
뻛,U+BEDB,8,4,11
뻜,U+BEDC,8,4,12
뻝,U+BEDD,8,4,13
뻞,U+BEDE,8,4,14
뻟,U+BEDF,8,4,15
뻠,U+BEE0,8,4,16
뻡,U+BEE1,8,4,17
뻢,U+BEE2,8,4,18
뻣,U+BEE3,8,4,19
뻤,U+BEE4,8,4,20
뻥,U+BEE5,8,4,21
뻦,U+BEE6,8,4,22
뻧,U+BEE7,8,4,23
뻨,U+BEE8,8,4,24
뻩,U+BEE9,8,4,25
뻪,U+BEEA,8,4,26
뻫,U+BEEB,8,4,27
뻬,U+BEEC,8,5,0
뻭,U+BEED,8,5,1
뻮,U+BEEE,8,5,2
뻯,U+BEEF,8,5,3
뻰,U+BEF0,8,5,4
뻱,U+BEF1,8,5,5
뻲,U+BEF2,8,5,6
뻳,U+BEF3,8,5,7
뻴,U+BEF4,8,5,8
뻵,U+BEF5,8,5,9
뻶,U+BEF6,8,5,10
뻷,U+BEF7,8,5,11
뻸,U+BEF8,8,5,12
뻹,U+BEF9,8,5,13
뻺,U+BEFA,8,5,14
뻻,U+BEFB,8,5,15
뻼,U+BEFC,8,5,16
뻽,U+BEFD,8,5,17
뻾,U+BEFE,8,5,18
뻿,U+BEFF,8,5,19
뼀,U+BF00,8,5,20
뼁,U+BF01,8,5,21
뼂,U+BF02,8,5,22
뼃,U+BF03,8,5,23
뼄,U+BF04,8,5,24
뼅,U+BF05,8,5,25
뼆,U+BF06,8,5,26
뼇,U+BF07,8,5,27
뼈,U+BF08,8,6,0
뼉,U+BF09,8,6,1
뼊,U+BF0A,8,6,2
뼋,U+BF0B,8,6,3
뼌,U+BF0C,8,6,4
뼍,U+BF0D,8,6,5
뼎,U+BF0E,8,6,6
뼏,U+BF0F,8,6,7
뼐,U+BF10,8,6,8
뼑,U+BF11,8,6,9
뼒,U+BF12,8,6,10
뼓,U+BF13,8,6,11
뼔,U+BF14,8,6,12
뼕,U+BF15,8,6,13
뼖,U+BF16,8,6,14
뼗,U+BF17,8,6,15
뼘,U+BF18,8,6,16
뼙,U+BF19,8,6,17
뼚,U+BF1A,8,6,18
뼛,U+BF1B,8,6,19
뼜,U+BF1C,8,6,20
뼝,U+BF1D,8,6,21
뼞,U+BF1E,8,6,22
뼟,U+BF1F,8,6,23
뼠,U+BF20,8,6,24
뼡,U+BF21,8,6,25
뼢,U+BF22,8,6,26
뼣,U+BF23,8,6,27
뼤,U+BF24,8,7,0
뼥,U+BF25,8,7,1
뼦,U+BF26,8,7,2
뼧,U+BF27,8,7,3
뼨,U+BF28,8,7,4
뼩,U+BF29,8,7,5
뼪,U+BF2A,8,7,6
뼫,U+BF2B,8,7,7
뼬,U+BF2C,8,7,8
뼭,U+BF2D,8,7,9
뼮,U+BF2E,8,7,10
뼯,U+BF2F,8,7,11
뼰,U+BF30,8,7,12
뼱,U+BF31,8,7,13
뼲,U+BF32,8,7,14
뼳,U+BF33,8,7,15
뼴,U+BF34,8,7,16
뼵,U+BF35,8,7,17
뼶,U+BF36,8,7,18
뼷,U+BF37,8,7,19
뼸,U+BF38,8,7,20
뼹,U+BF39,8,7,21
뼺,U+BF3A,8,7,22
뼻,U+BF3B,8,7,23
뼼,U+BF3C,8,7,24
뼽,U+BF3D,8,7,25
뼾,U+BF3E,8,7,26
뼿,U+BF3F,8,7,27
뽀,U+BF40,8,8,0
뽁,U+BF41,8,8,1
뽂,U+BF42,8,8,2
뽃,U+BF43,8,8,3
뽄,U+BF44,8,8,4
뽅,U+BF45,8,8,5
뽆,U+BF46,8,8,6
뽇,U+BF47,8,8,7
뽈,U+BF48,8,8,8
뽉,U+BF49,8,8,9
뽊,U+BF4A,8,8,10
뽋,U+BF4B,8,8,11
뽌,U+BF4C,8,8,12
뽍,U+BF4D,8,8,13
뽎,U+BF4E,8,8,14
뽏,U+BF4F,8,8,15
뽐,U+BF50,8,8,16
뽑,U+BF51,8,8,17
뽒,U+BF52,8,8,18
뽓,U+BF53,8,8,19
뽔,U+BF54,8,8,20
뽕,U+BF55,8,8,21
뽖,U+BF56,8,8,22
뽗,U+BF57,8,8,23
뽘,U+BF58,8,8,24
뽙,U+BF59,8,8,25
뽚,U+BF5A,8,8,26
뽛,U+BF5B,8,8,27
뽜,U+BF5C,8,9,0
뽝,U+BF5D,8,9,1
뽞,U+BF5E,8,9,2
뽟,U+BF5F,8,9,3
뽠,U+BF60,8,9,4
뽡,U+BF61,8,9,5
뽢,U+BF62,8,9,6
뽣,U+BF63,8,9,7
뽤,U+BF64,8,9,8
뽥,U+BF65,8,9,9
뽦,U+BF66,8,9,10
뽧,U+BF67,8,9,11
뽨,U+BF68,8,9,12
뽩,U+BF69,8,9,13
뽪,U+BF6A,8,9,14
뽫,U+BF6B,8,9,15
뽬,U+BF6C,8,9,16
뽭,U+BF6D,8,9,17
뽮,U+BF6E,8,9,18
뽯,U+BF6F,8,9,19
뽰,U+BF70,8,9,20
뽱,U+BF71,8,9,21
뽲,U+BF72,8,9,22
뽳,U+BF73,8,9,23
뽴,U+BF74,8,9,24
뽵,U+BF75,8,9,25
뽶,U+BF76,8,9,26
뽷,U+BF77,8,9,27
뽸,U+BF78,8,10,0
뽹,U+BF79,8,10,1
뽺,U+BF7A,8,10,2
뽻,U+BF7B,8,10,3
뽼,U+BF7C,8,10,4
뽽,U+BF7D,8,10,5
뽾,U+BF7E,8,10,6
뽿,U+BF7F,8,10,7
뾀,U+BF80,8,10,8
뾁,U+BF81,8,10,9
뾂,U+BF82,8,10,10
뾃,U+BF83,8,10,11
뾄,U+BF84,8,10,12
뾅,U+BF85,8,10,13
뾆,U+BF86,8,10,14
뾇,U+BF87,8,10,15
뾈,U+BF88,8,10,16
뾉,U+BF89,8,10,17
뾊,U+BF8A,8,10,18
뾋,U+BF8B,8,10,19
뾌,U+BF8C,8,10,20
뾍,U+BF8D,8,10,21
뾎,U+BF8E,8,10,22
뾏,U+BF8F,8,10,23
뾐,U+BF90,8,10,24
뾑,U+BF91,8,10,25
뾒,U+BF92,8,10,26
뾓,U+BF93,8,10,27
뾔,U+BF94,8,11,0
뾕,U+BF95,8,11,1
뾖,U+BF96,8,11,2
뾗,U+BF97,8,11,3
뾘,U+BF98,8,11,4
뾙,U+BF99,8,11,5
뾚,U+BF9A,8,11,6
뾛,U+BF9B,8,11,7
뾜,U+BF9C,8,11,8
뾝,U+BF9D,8,11,9
뾞,U+BF9E,8,11,10
뾟,U+BF9F,8,11,11
뾠,U+BFA0,8,11,12
뾡,U+BFA1,8,11,13
뾢,U+BFA2,8,11,14
뾣,U+BFA3,8,11,15
뾤,U+BFA4,8,11,16
뾥,U+BFA5,8,11,17
뾦,U+BFA6,8,11,18
뾧,U+BFA7,8,11,19
뾨,U+BFA8,8,11,20
뾩,U+BFA9,8,11,21
뾪,U+BFAA,8,11,22
뾫,U+BFAB,8,11,23
뾬,U+BFAC,8,11,24
뾭,U+BFAD,8,11,25
뾮,U+BFAE,8,11,26
뾯,U+BFAF,8,11,27
뾰,U+BFB0,8,12,0
뾱,U+BFB1,8,12,1
뾲,U+BFB2,8,12,2
뾳,U+BFB3,8,12,3
뾴,U+BFB4,8,12,4
뾵,U+BFB5,8,12,5
뾶,U+BFB6,8,12,6
뾷,U+BFB7,8,12,7
뾸,U+BFB8,8,12,8
뾹,U+BFB9,8,12,9
뾺,U+BFBA,8,12,10
뾻,U+BFBB,8,12,11
뾼,U+BFBC,8,12,12
뾽,U+BFBD,8,12,13
뾾,U+BFBE,8,12,14
뾿,U+BFBF,8,12,15
뿀,U+BFC0,8,12,16
뿁,U+BFC1,8,12,17
뿂,U+BFC2,8,12,18
뿃,U+BFC3,8,12,19
뿄,U+BFC4,8,12,20
뿅,U+BFC5,8,12,21
뿆,U+BFC6,8,12,22
뿇,U+BFC7,8,12,23
뿈,U+BFC8,8,12,24
뿉,U+BFC9,8,12,25
뿊,U+BFCA,8,12,26
뿋,U+BFCB,8,12,27
뿌,U+BFCC,8,13,0
뿍,U+BFCD,8,13,1
뿎,U+BFCE,8,13,2
뿏,U+BFCF,8,13,3
뿐,U+BFD0,8,13,4
뿑,U+BFD1,8,13,5
뿒,U+BFD2,8,13,6
뿓,U+BFD3,8,13,7
뿔,U+BFD4,8,13,8
뿕,U+BFD5,8,13,9
뿖,U+BFD6,8,13,10
뿗,U+BFD7,8,13,11
뿘,U+BFD8,8,13,12
뿙,U+BFD9,8,13,13
뿚,U+BFDA,8,13,14
뿛,U+BFDB,8,13,15
뿜,U+BFDC,8,13,16
뿝,U+BFDD,8,13,17
뿞,U+BFDE,8,13,18
뿟,U+BFDF,8,13,19
뿠,U+BFE0,8,13,20
뿡,U+BFE1,8,13,21
뿢,U+BFE2,8,13,22
뿣,U+BFE3,8,13,23
뿤,U+BFE4,8,13,24
뿥,U+BFE5,8,13,25
뿦,U+BFE6,8,13,26
뿧,U+BFE7,8,13,27
뿨,U+BFE8,8,14,0
뿩,U+BFE9,8,14,1
뿪,U+BFEA,8,14,2
뿫,U+BFEB,8,14,3
뿬,U+BFEC,8,14,4
뿭,U+BFED,8,14,5
뿮,U+BFEE,8,14,6
뿯,U+BFEF,8,14,7
뿰,U+BFF0,8,14,8
뿱,U+BFF1,8,14,9
뿲,U+BFF2,8,14,10
뿳,U+BFF3,8,14,11
뿴,U+BFF4,8,14,12
뿵,U+BFF5,8,14,13
뿶,U+BFF6,8,14,14
뿷,U+BFF7,8,14,15
뿸,U+BFF8,8,14,16
뿹,U+BFF9,8,14,17
뿺,U+BFFA,8,14,18
뿻,U+BFFB,8,14,19
뿼,U+BFFC,8,14,20
뿽,U+BFFD,8,14,21
뿾,U+BFFE,8,14,22
뿿,U+BFFF,8,14,23
쀀,U+C000,8,14,24
쀁,U+C001,8,14,25
쀂,U+C002,8,14,26
쀃,U+C003,8,14,27
쀄,U+C004,8,15,0
쀅,U+C005,8,15,1
쀆,U+C006,8,15,2
쀇,U+C007,8,15,3
쀈,U+C008,8,15,4
쀉,U+C009,8,15,5
쀊,U+C00A,8,15,6
쀋,U+C00B,8,15,7
쀌,U+C00C,8,15,8
쀍,U+C00D,8,15,9
쀎,U+C00E,8,15,10
쀏,U+C00F,8,15,11
쀐,U+C010,8,15,12
쀑,U+C011,8,15,13
쀒,U+C012,8,15,14
쀓,U+C013,8,15,15
쀔,U+C014,8,15,16
쀕,U+C015,8,15,17
쀖,U+C016,8,15,18
쀗,U+C017,8,15,19
쀘,U+C018,8,15,20
쀙,U+C019,8,15,21
쀚,U+C01A,8,15,22
쀛,U+C01B,8,15,23
쀜,U+C01C,8,15,24
쀝,U+C01D,8,15,25
쀞,U+C01E,8,15,26
쀟,U+C01F,8,15,27
쀠,U+C020,8,16,0
쀡,U+C021,8,16,1
쀢,U+C022,8,16,2
쀣,U+C023,8,16,3
쀤,U+C024,8,16,4
쀥,U+C025,8,16,5
쀦,U+C026,8,16,6
쀧,U+C027,8,16,7
쀨,U+C028,8,16,8
쀩,U+C029,8,16,9
쀪,U+C02A,8,16,10
쀫,U+C02B,8,16,11
쀬,U+C02C,8,16,12
쀭,U+C02D,8,16,13
쀮,U+C02E,8,16,14
쀯,U+C02F,8,16,15
쀰,U+C030,8,16,16
쀱,U+C031,8,16,17
쀲,U+C032,8,16,18
쀳,U+C033,8,16,19
쀴,U+C034,8,16,20
쀵,U+C035,8,16,21
쀶,U+C036,8,16,22
쀷,U+C037,8,16,23
쀸,U+C038,8,16,24
쀹,U+C039,8,16,25
쀺,U+C03A,8,16,26
쀻,U+C03B,8,16,27
쀼,U+C03C,8,17,0
쀽,U+C03D,8,17,1
쀾,U+C03E,8,17,2
쀿,U+C03F,8,17,3
쁀,U+C040,8,17,4
쁁,U+C041,8,17,5
쁂,U+C042,8,17,6
쁃,U+C043,8,17,7
쁄,U+C044,8,17,8
쁅,U+C045,8,17,9
쁆,U+C046,8,17,10
쁇,U+C047,8,17,11
쁈,U+C048,8,17,12
쁉,U+C049,8,17,13
쁊,U+C04A,8,17,14
쁋,U+C04B,8,17,15
쁌,U+C04C,8,17,16
쁍,U+C04D,8,17,17
쁎,U+C04E,8,17,18
쁏,U+C04F,8,17,19
쁐,U+C050,8,17,20
쁑,U+C051,8,17,21
쁒,U+C052,8,17,22
쁓,U+C053,8,17,23
쁔,U+C054,8,17,24
쁕,U+C055,8,17,25
쁖,U+C056,8,17,26
쁗,U+C057,8,17,27
쁘,U+C058,8,18,0
쁙,U+C059,8,18,1
쁚,U+C05A,8,18,2
쁛,U+C05B,8,18,3
쁜,U+C05C,8,18,4
쁝,U+C05D,8,18,5
쁞,U+C05E,8,18,6
쁟,U+C05F,8,18,7
쁠,U+C060,8,18,8
쁡,U+C061,8,18,9
쁢,U+C062,8,18,10
쁣,U+C063,8,18,11
쁤,U+C064,8,18,12
쁥,U+C065,8,18,13
쁦,U+C066,8,18,14
쁧,U+C067,8,18,15
쁨,U+C068,8,18,16
쁩,U+C069,8,18,17
쁪,U+C06A,8,18,18
쁫,U+C06B,8,18,19
쁬,U+C06C,8,18,20
쁭,U+C06D,8,18,21
쁮,U+C06E,8,18,22
쁯,U+C06F,8,18,23
쁰,U+C070,8,18,24
쁱,U+C071,8,18,25
쁲,U+C072,8,18,26
쁳,U+C073,8,18,27
쁴,U+C074,8,19,0
쁵,U+C075,8,19,1
쁶,U+C076,8,19,2
쁷,U+C077,8,19,3
쁸,U+C078,8,19,4
쁹,U+C079,8,19,5
쁺,U+C07A,8,19,6
쁻,U+C07B,8,19,7
쁼,U+C07C,8,19,8
쁽,U+C07D,8,19,9
쁾,U+C07E,8,19,10
쁿,U+C07F,8,19,11
삀,U+C080,8,19,12
삁,U+C081,8,19,13
삂,U+C082,8,19,14
삃,U+C083,8,19,15
삄,U+C084,8,19,16
삅,U+C085,8,19,17
삆,U+C086,8,19,18
삇,U+C087,8,19,19
삈,U+C088,8,19,20
삉,U+C089,8,19,21
삊,U+C08A,8,19,22
삋,U+C08B,8,19,23
삌,U+C08C,8,19,24
삍,U+C08D,8,19,25
삎,U+C08E,8,19,26
삏,U+C08F,8,19,27
삐,U+C090,8,20,0
삑,U+C091,8,20,1
삒,U+C092,8,20,2
삓,U+C093,8,20,3
삔,U+C094,8,20,4
삕,U+C095,8,20,5
삖,U+C096,8,20,6
삗,U+C097,8,20,7
삘,U+C098,8,20,8
삙,U+C099,8,20,9
삚,U+C09A,8,20,10
삛,U+C09B,8,20,11
삜,U+C09C,8,20,12
삝,U+C09D,8,20,13
삞,U+C09E,8,20,14
삟,U+C09F,8,20,15
삠,U+C0A0,8,20,16
삡,U+C0A1,8,20,17
삢,U+C0A2,8,20,18
삣,U+C0A3,8,20,19
삤,U+C0A4,8,20,20
삥,U+C0A5,8,20,21
삦,U+C0A6,8,20,22
삧,U+C0A7,8,20,23
삨,U+C0A8,8,20,24
삩,U+C0A9,8,20,25
삪,U+C0AA,8,20,26
삫,U+C0AB,8,20,27
사,U+C0AC,9,0,0
삭,U+C0AD,9,0,1
삮,U+C0AE,9,0,2
삯,U+C0AF,9,0,3
산,U+C0B0,9,0,4
삱,U+C0B1,9,0,5
삲,U+C0B2,9,0,6
삳,U+C0B3,9,0,7
살,U+C0B4,9,0,8
삵,U+C0B5,9,0,9
삶,U+C0B6,9,0,10
삷,U+C0B7,9,0,11
삸,U+C0B8,9,0,12
삹,U+C0B9,9,0,13
삺,U+C0BA,9,0,14
삻,U+C0BB,9,0,15
삼,U+C0BC,9,0,16
삽,U+C0BD,9,0,17
삾,U+C0BE,9,0,18
삿,U+C0BF,9,0,19
샀,U+C0C0,9,0,20
상,U+C0C1,9,0,21
샂,U+C0C2,9,0,22
샃,U+C0C3,9,0,23
샄,U+C0C4,9,0,24
샅,U+C0C5,9,0,25
샆,U+C0C6,9,0,26
샇,U+C0C7,9,0,27
새,U+C0C8,9,1,0
색,U+C0C9,9,1,1
샊,U+C0CA,9,1,2
샋,U+C0CB,9,1,3
샌,U+C0CC,9,1,4
샍,U+C0CD,9,1,5
샎,U+C0CE,9,1,6
샏,U+C0CF,9,1,7
샐,U+C0D0,9,1,8
샑,U+C0D1,9,1,9
샒,U+C0D2,9,1,10
샓,U+C0D3,9,1,11
샔,U+C0D4,9,1,12
샕,U+C0D5,9,1,13
샖,U+C0D6,9,1,14
샗,U+C0D7,9,1,15
샘,U+C0D8,9,1,16
샙,U+C0D9,9,1,17
샚,U+C0DA,9,1,18
샛,U+C0DB,9,1,19
샜,U+C0DC,9,1,20
생,U+C0DD,9,1,21
샞,U+C0DE,9,1,22
샟,U+C0DF,9,1,23
샠,U+C0E0,9,1,24
샡,U+C0E1,9,1,25
샢,U+C0E2,9,1,26
샣,U+C0E3,9,1,27
샤,U+C0E4,9,2,0
샥,U+C0E5,9,2,1
샦,U+C0E6,9,2,2
샧,U+C0E7,9,2,3
샨,U+C0E8,9,2,4
샩,U+C0E9,9,2,5
샪,U+C0EA,9,2,6
샫,U+C0EB,9,2,7
샬,U+C0EC,9,2,8
샭,U+C0ED,9,2,9
샮,U+C0EE,9,2,10
샯,U+C0EF,9,2,11
샰,U+C0F0,9,2,12
샱,U+C0F1,9,2,13
샲,U+C0F2,9,2,14
샳,U+C0F3,9,2,15
샴,U+C0F4,9,2,16
샵,U+C0F5,9,2,17
샶,U+C0F6,9,2,18
샷,U+C0F7,9,2,19
샸,U+C0F8,9,2,20
샹,U+C0F9,9,2,21
샺,U+C0FA,9,2,22
샻,U+C0FB,9,2,23
샼,U+C0FC,9,2,24
샽,U+C0FD,9,2,25
샾,U+C0FE,9,2,26
샿,U+C0FF,9,2,27
섀,U+C100,9,3,0
섁,U+C101,9,3,1
섂,U+C102,9,3,2
섃,U+C103,9,3,3
섄,U+C104,9,3,4
섅,U+C105,9,3,5
섆,U+C106,9,3,6
섇,U+C107,9,3,7
섈,U+C108,9,3,8
섉,U+C109,9,3,9
섊,U+C10A,9,3,10
섋,U+C10B,9,3,11
섌,U+C10C,9,3,12
섍,U+C10D,9,3,13
섎,U+C10E,9,3,14
섏,U+C10F,9,3,15
섐,U+C110,9,3,16
섑,U+C111,9,3,17
섒,U+C112,9,3,18
섓,U+C113,9,3,19
섔,U+C114,9,3,20
섕,U+C115,9,3,21
섖,U+C116,9,3,22
섗,U+C117,9,3,23
섘,U+C118,9,3,24
섙,U+C119,9,3,25
섚,U+C11A,9,3,26
섛,U+C11B,9,3,27
서,U+C11C,9,4,0
석,U+C11D,9,4,1
섞,U+C11E,9,4,2
섟,U+C11F,9,4,3
선,U+C120,9,4,4
섡,U+C121,9,4,5
섢,U+C122,9,4,6
섣,U+C123,9,4,7
설,U+C124,9,4,8
섥,U+C125,9,4,9
섦,U+C126,9,4,10
섧,U+C127,9,4,11
섨,U+C128,9,4,12
섩,U+C129,9,4,13
섪,U+C12A,9,4,14
섫,U+C12B,9,4,15
섬,U+C12C,9,4,16
섭,U+C12D,9,4,17
섮,U+C12E,9,4,18
섯,U+C12F,9,4,19
섰,U+C130,9,4,20
성,U+C131,9,4,21
섲,U+C132,9,4,22
섳,U+C133,9,4,23
섴,U+C134,9,4,24
섵,U+C135,9,4,25
섶,U+C136,9,4,26
섷,U+C137,9,4,27
세,U+C138,9,5,0
섹,U+C139,9,5,1
섺,U+C13A,9,5,2
섻,U+C13B,9,5,3
센,U+C13C,9,5,4
섽,U+C13D,9,5,5
섾,U+C13E,9,5,6
섿,U+C13F,9,5,7
셀,U+C140,9,5,8
셁,U+C141,9,5,9
셂,U+C142,9,5,10
셃,U+C143,9,5,11
셄,U+C144,9,5,12
셅,U+C145,9,5,13
셆,U+C146,9,5,14
셇,U+C147,9,5,15
셈,U+C148,9,5,16
셉,U+C149,9,5,17
셊,U+C14A,9,5,18
셋,U+C14B,9,5,19
셌,U+C14C,9,5,20
셍,U+C14D,9,5,21
셎,U+C14E,9,5,22
셏,U+C14F,9,5,23
셐,U+C150,9,5,24
셑,U+C151,9,5,25
셒,U+C152,9,5,26
셓,U+C153,9,5,27
셔,U+C154,9,6,0
셕,U+C155,9,6,1
셖,U+C156,9,6,2
셗,U+C157,9,6,3
션,U+C158,9,6,4
셙,U+C159,9,6,5
셚,U+C15A,9,6,6
셛,U+C15B,9,6,7
셜,U+C15C,9,6,8
셝,U+C15D,9,6,9
셞,U+C15E,9,6,10
셟,U+C15F,9,6,11
셠,U+C160,9,6,12
셡,U+C161,9,6,13
셢,U+C162,9,6,14
셣,U+C163,9,6,15
셤,U+C164,9,6,16
셥,U+C165,9,6,17
셦,U+C166,9,6,18
셧,U+C167,9,6,19
셨,U+C168,9,6,20
셩,U+C169,9,6,21
셪,U+C16A,9,6,22
셫,U+C16B,9,6,23
셬,U+C16C,9,6,24
셭,U+C16D,9,6,25
셮,U+C16E,9,6,26
셯,U+C16F,9,6,27
셰,U+C170,9,7,0
셱,U+C171,9,7,1
셲,U+C172,9,7,2
셳,U+C173,9,7,3
셴,U+C174,9,7,4
셵,U+C175,9,7,5
셶,U+C176,9,7,6
셷,U+C177,9,7,7
셸,U+C178,9,7,8
셹,U+C179,9,7,9
셺,U+C17A,9,7,10
셻,U+C17B,9,7,11
셼,U+C17C,9,7,12
셽,U+C17D,9,7,13
셾,U+C17E,9,7,14
셿,U+C17F,9,7,15
솀,U+C180,9,7,16
솁,U+C181,9,7,17
솂,U+C182,9,7,18
솃,U+C183,9,7,19
솄,U+C184,9,7,20
솅,U+C185,9,7,21
솆,U+C186,9,7,22
솇,U+C187,9,7,23
솈,U+C188,9,7,24
솉,U+C189,9,7,25
솊,U+C18A,9,7,26
솋,U+C18B,9,7,27
소,U+C18C,9,8,0
속,U+C18D,9,8,1
솎,U+C18E,9,8,2
솏,U+C18F,9,8,3
손,U+C190,9,8,4
솑,U+C191,9,8,5
솒,U+C192,9,8,6
솓,U+C193,9,8,7
솔,U+C194,9,8,8
솕,U+C195,9,8,9
솖,U+C196,9,8,10
솗,U+C197,9,8,11
솘,U+C198,9,8,12
솙,U+C199,9,8,13
솚,U+C19A,9,8,14
솛,U+C19B,9,8,15
솜,U+C19C,9,8,16
솝,U+C19D,9,8,17
솞,U+C19E,9,8,18
솟,U+C19F,9,8,19
솠,U+C1A0,9,8,20
송,U+C1A1,9,8,21
솢,U+C1A2,9,8,22
솣,U+C1A3,9,8,23
솤,U+C1A4,9,8,24
솥,U+C1A5,9,8,25
솦,U+C1A6,9,8,26
솧,U+C1A7,9,8,27
솨,U+C1A8,9,9,0
솩,U+C1A9,9,9,1
솪,U+C1AA,9,9,2
솫,U+C1AB,9,9,3
솬,U+C1AC,9,9,4
솭,U+C1AD,9,9,5
솮,U+C1AE,9,9,6
솯,U+C1AF,9,9,7
솰,U+C1B0,9,9,8
솱,U+C1B1,9,9,9
솲,U+C1B2,9,9,10
솳,U+C1B3,9,9,11
솴,U+C1B4,9,9,12
솵,U+C1B5,9,9,13
솶,U+C1B6,9,9,14
솷,U+C1B7,9,9,15
솸,U+C1B8,9,9,16
솹,U+C1B9,9,9,17
솺,U+C1BA,9,9,18
솻,U+C1BB,9,9,19
솼,U+C1BC,9,9,20
솽,U+C1BD,9,9,21
솾,U+C1BE,9,9,22
솿,U+C1BF,9,9,23
쇀,U+C1C0,9,9,24
쇁,U+C1C1,9,9,25
쇂,U+C1C2,9,9,26
쇃,U+C1C3,9,9,27
쇄,U+C1C4,9,10,0
쇅,U+C1C5,9,10,1
쇆,U+C1C6,9,10,2
쇇,U+C1C7,9,10,3
쇈,U+C1C8,9,10,4
쇉,U+C1C9,9,10,5
쇊,U+C1CA,9,10,6
쇋,U+C1CB,9,10,7
쇌,U+C1CC,9,10,8
쇍,U+C1CD,9,10,9
쇎,U+C1CE,9,10,10
쇏,U+C1CF,9,10,11
쇐,U+C1D0,9,10,12
쇑,U+C1D1,9,10,13
쇒,U+C1D2,9,10,14
쇓,U+C1D3,9,10,15
쇔,U+C1D4,9,10,16
쇕,U+C1D5,9,10,17
쇖,U+C1D6,9,10,18
쇗,U+C1D7,9,10,19
쇘,U+C1D8,9,10,20
쇙,U+C1D9,9,10,21
쇚,U+C1DA,9,10,22
쇛,U+C1DB,9,10,23
쇜,U+C1DC,9,10,24
쇝,U+C1DD,9,10,25
쇞,U+C1DE,9,10,26
쇟,U+C1DF,9,10,27
쇠,U+C1E0,9,11,0
쇡,U+C1E1,9,11,1
쇢,U+C1E2,9,11,2
쇣,U+C1E3,9,11,3
쇤,U+C1E4,9,11,4
쇥,U+C1E5,9,11,5
쇦,U+C1E6,9,11,6
쇧,U+C1E7,9,11,7
쇨,U+C1E8,9,11,8
쇩,U+C1E9,9,11,9
쇪,U+C1EA,9,11,10
쇫,U+C1EB,9,11,11
쇬,U+C1EC,9,11,12
쇭,U+C1ED,9,11,13
쇮,U+C1EE,9,11,14
쇯,U+C1EF,9,11,15
쇰,U+C1F0,9,11,16
쇱,U+C1F1,9,11,17
쇲,U+C1F2,9,11,18
쇳,U+C1F3,9,11,19
쇴,U+C1F4,9,11,20
쇵,U+C1F5,9,11,21
쇶,U+C1F6,9,11,22
쇷,U+C1F7,9,11,23
쇸,U+C1F8,9,11,24
쇹,U+C1F9,9,11,25
쇺,U+C1FA,9,11,26
쇻,U+C1FB,9,11,27
쇼,U+C1FC,9,12,0
쇽,U+C1FD,9,12,1
쇾,U+C1FE,9,12,2
쇿,U+C1FF,9,12,3
숀,U+C200,9,12,4
숁,U+C201,9,12,5
숂,U+C202,9,12,6
숃,U+C203,9,12,7
숄,U+C204,9,12,8
숅,U+C205,9,12,9
숆,U+C206,9,12,10
숇,U+C207,9,12,11
숈,U+C208,9,12,12
숉,U+C209,9,12,13
숊,U+C20A,9,12,14
숋,U+C20B,9,12,15
숌,U+C20C,9,12,16
숍,U+C20D,9,12,17
숎,U+C20E,9,12,18
숏,U+C20F,9,12,19
숐,U+C210,9,12,20
숑,U+C211,9,12,21
숒,U+C212,9,12,22
숓,U+C213,9,12,23
숔,U+C214,9,12,24
숕,U+C215,9,12,25
숖,U+C216,9,12,26
숗,U+C217,9,12,27
수,U+C218,9,13,0
숙,U+C219,9,13,1
숚,U+C21A,9,13,2
숛,U+C21B,9,13,3
순,U+C21C,9,13,4
숝,U+C21D,9,13,5
숞,U+C21E,9,13,6
숟,U+C21F,9,13,7
술,U+C220,9,13,8
숡,U+C221,9,13,9
숢,U+C222,9,13,10
숣,U+C223,9,13,11
숤,U+C224,9,13,12
숥,U+C225,9,13,13
숦,U+C226,9,13,14
숧,U+C227,9,13,15
숨,U+C228,9,13,16
숩,U+C229,9,13,17
숪,U+C22A,9,13,18
숫,U+C22B,9,13,19
숬,U+C22C,9,13,20
숭,U+C22D,9,13,21
숮,U+C22E,9,13,22
숯,U+C22F,9,13,23
숰,U+C230,9,13,24
숱,U+C231,9,13,25
숲,U+C232,9,13,26
숳,U+C233,9,13,27
숴,U+C234,9,14,0
숵,U+C235,9,14,1
숶,U+C236,9,14,2
숷,U+C237,9,14,3
숸,U+C238,9,14,4
숹,U+C239,9,14,5
숺,U+C23A,9,14,6
숻,U+C23B,9,14,7
숼,U+C23C,9,14,8
숽,U+C23D,9,14,9
숾,U+C23E,9,14,10
숿,U+C23F,9,14,11
쉀,U+C240,9,14,12
쉁,U+C241,9,14,13
쉂,U+C242,9,14,14
쉃,U+C243,9,14,15
쉄,U+C244,9,14,16
쉅,U+C245,9,14,17
쉆,U+C246,9,14,18
쉇,U+C247,9,14,19
쉈,U+C248,9,14,20
쉉,U+C249,9,14,21
쉊,U+C24A,9,14,22
쉋,U+C24B,9,14,23
쉌,U+C24C,9,14,24
쉍,U+C24D,9,14,25
쉎,U+C24E,9,14,26
쉏,U+C24F,9,14,27
쉐,U+C250,9,15,0
쉑,U+C251,9,15,1
쉒,U+C252,9,15,2
쉓,U+C253,9,15,3
쉔,U+C254,9,15,4
쉕,U+C255,9,15,5
쉖,U+C256,9,15,6
쉗,U+C257,9,15,7
쉘,U+C258,9,15,8
쉙,U+C259,9,15,9
쉚,U+C25A,9,15,10
쉛,U+C25B,9,15,11
쉜,U+C25C,9,15,12
쉝,U+C25D,9,15,13
쉞,U+C25E,9,15,14
쉟,U+C25F,9,15,15
쉠,U+C260,9,15,16
쉡,U+C261,9,15,17
쉢,U+C262,9,15,18
쉣,U+C263,9,15,19
쉤,U+C264,9,15,20
쉥,U+C265,9,15,21
쉦,U+C266,9,15,22
쉧,U+C267,9,15,23
쉨,U+C268,9,15,24
쉩,U+C269,9,15,25
쉪,U+C26A,9,15,26
쉫,U+C26B,9,15,27
쉬,U+C26C,9,16,0
쉭,U+C26D,9,16,1
쉮,U+C26E,9,16,2
쉯,U+C26F,9,16,3
쉰,U+C270,9,16,4
쉱,U+C271,9,16,5
쉲,U+C272,9,16,6
쉳,U+C273,9,16,7
쉴,U+C274,9,16,8
쉵,U+C275,9,16,9
쉶,U+C276,9,16,10
쉷,U+C277,9,16,11
쉸,U+C278,9,16,12
쉹,U+C279,9,16,13
쉺,U+C27A,9,16,14
쉻,U+C27B,9,16,15
쉼,U+C27C,9,16,16
쉽,U+C27D,9,16,17
쉾,U+C27E,9,16,18
쉿,U+C27F,9,16,19
슀,U+C280,9,16,20
슁,U+C281,9,16,21
슂,U+C282,9,16,22
슃,U+C283,9,16,23
슄,U+C284,9,16,24
슅,U+C285,9,16,25
슆,U+C286,9,16,26
슇,U+C287,9,16,27
슈,U+C288,9,17,0
슉,U+C289,9,17,1
슊,U+C28A,9,17,2
슋,U+C28B,9,17,3
슌,U+C28C,9,17,4
슍,U+C28D,9,17,5
슎,U+C28E,9,17,6
슏,U+C28F,9,17,7
슐,U+C290,9,17,8
슑,U+C291,9,17,9
슒,U+C292,9,17,10
슓,U+C293,9,17,11
슔,U+C294,9,17,12
슕,U+C295,9,17,13
슖,U+C296,9,17,14
슗,U+C297,9,17,15
슘,U+C298,9,17,16
슙,U+C299,9,17,17
슚,U+C29A,9,17,18
슛,U+C29B,9,17,19
슜,U+C29C,9,17,20
슝,U+C29D,9,17,21
슞,U+C29E,9,17,22
슟,U+C29F,9,17,23
슠,U+C2A0,9,17,24
슡,U+C2A1,9,17,25
슢,U+C2A2,9,17,26
슣,U+C2A3,9,17,27
스,U+C2A4,9,18,0
슥,U+C2A5,9,18,1
슦,U+C2A6,9,18,2
슧,U+C2A7,9,18,3
슨,U+C2A8,9,18,4
슩,U+C2A9,9,18,5
슪,U+C2AA,9,18,6
슫,U+C2AB,9,18,7
슬,U+C2AC,9,18,8
슭,U+C2AD,9,18,9
슮,U+C2AE,9,18,10
슯,U+C2AF,9,18,11
슰,U+C2B0,9,18,12
슱,U+C2B1,9,18,13
슲,U+C2B2,9,18,14
슳,U+C2B3,9,18,15
슴,U+C2B4,9,18,16
습,U+C2B5,9,18,17
슶,U+C2B6,9,18,18
슷,U+C2B7,9,18,19
슸,U+C2B8,9,18,20
승,U+C2B9,9,18,21
슺,U+C2BA,9,18,22
슻,U+C2BB,9,18,23
슼,U+C2BC,9,18,24
슽,U+C2BD,9,18,25
슾,U+C2BE,9,18,26
슿,U+C2BF,9,18,27
싀,U+C2C0,9,19,0
싁,U+C2C1,9,19,1
싂,U+C2C2,9,19,2
싃,U+C2C3,9,19,3
싄,U+C2C4,9,19,4
싅,U+C2C5,9,19,5
싆,U+C2C6,9,19,6
싇,U+C2C7,9,19,7
싈,U+C2C8,9,19,8
싉,U+C2C9,9,19,9
싊,U+C2CA,9,19,10
싋,U+C2CB,9,19,11
싌,U+C2CC,9,19,12
싍,U+C2CD,9,19,13
싎,U+C2CE,9,19,14
싏,U+C2CF,9,19,15
싐,U+C2D0,9,19,16
싑,U+C2D1,9,19,17
싒,U+C2D2,9,19,18
싓,U+C2D3,9,19,19
싔,U+C2D4,9,19,20
싕,U+C2D5,9,19,21
싖,U+C2D6,9,19,22
싗,U+C2D7,9,19,23
싘,U+C2D8,9,19,24
싙,U+C2D9,9,19,25
싚,U+C2DA,9,19,26
싛,U+C2DB,9,19,27
시,U+C2DC,9,20,0
식,U+C2DD,9,20,1
싞,U+C2DE,9,20,2
싟,U+C2DF,9,20,3
신,U+C2E0,9,20,4
싡,U+C2E1,9,20,5
싢,U+C2E2,9,20,6
싣,U+C2E3,9,20,7
실,U+C2E4,9,20,8
싥,U+C2E5,9,20,9
싦,U+C2E6,9,20,10
싧,U+C2E7,9,20,11
싨,U+C2E8,9,20,12
싩,U+C2E9,9,20,13
싪,U+C2EA,9,20,14
싫,U+C2EB,9,20,15
심,U+C2EC,9,20,16
십,U+C2ED,9,20,17
싮,U+C2EE,9,20,18
싯,U+C2EF,9,20,19
싰,U+C2F0,9,20,20
싱,U+C2F1,9,20,21
싲,U+C2F2,9,20,22
싳,U+C2F3,9,20,23
싴,U+C2F4,9,20,24
싵,U+C2F5,9,20,25
싶,U+C2F6,9,20,26
싷,U+C2F7,9,20,27
싸,U+C2F8,10,0,0
싹,U+C2F9,10,0,1
싺,U+C2FA,10,0,2
싻,U+C2FB,10,0,3
싼,U+C2FC,10,0,4
싽,U+C2FD,10,0,5
싾,U+C2FE,10,0,6
싿,U+C2FF,10,0,7
쌀,U+C300,10,0,8
쌁,U+C301,10,0,9
쌂,U+C302,10,0,10
쌃,U+C303,10,0,11
쌄,U+C304,10,0,12
쌅,U+C305,10,0,13
쌆,U+C306,10,0,14
쌇,U+C307,10,0,15
쌈,U+C308,10,0,16
쌉,U+C309,10,0,17
쌊,U+C30A,10,0,18
쌋,U+C30B,10,0,19
쌌,U+C30C,10,0,20
쌍,U+C30D,10,0,21
쌎,U+C30E,10,0,22
쌏,U+C30F,10,0,23
쌐,U+C310,10,0,24
쌑,U+C311,10,0,25
쌒,U+C312,10,0,26
쌓,U+C313,10,0,27
쌔,U+C314,10,1,0
쌕,U+C315,10,1,1
쌖,U+C316,10,1,2
쌗,U+C317,10,1,3
쌘,U+C318,10,1,4
쌙,U+C319,10,1,5
쌚,U+C31A,10,1,6
쌛,U+C31B,10,1,7
쌜,U+C31C,10,1,8
쌝,U+C31D,10,1,9
쌞,U+C31E,10,1,10
쌟,U+C31F,10,1,11
쌠,U+C320,10,1,12
쌡,U+C321,10,1,13
쌢,U+C322,10,1,14
쌣,U+C323,10,1,15
쌤,U+C324,10,1,16
쌥,U+C325,10,1,17
쌦,U+C326,10,1,18
쌧,U+C327,10,1,19
쌨,U+C328,10,1,20
쌩,U+C329,10,1,21
쌪,U+C32A,10,1,22
쌫,U+C32B,10,1,23
쌬,U+C32C,10,1,24
쌭,U+C32D,10,1,25
쌮,U+C32E,10,1,26
쌯,U+C32F,10,1,27
쌰,U+C330,10,2,0
쌱,U+C331,10,2,1
쌲,U+C332,10,2,2
쌳,U+C333,10,2,3
쌴,U+C334,10,2,4
쌵,U+C335,10,2,5
쌶,U+C336,10,2,6
쌷,U+C337,10,2,7
쌸,U+C338,10,2,8
쌹,U+C339,10,2,9
쌺,U+C33A,10,2,10
쌻,U+C33B,10,2,11
쌼,U+C33C,10,2,12
쌽,U+C33D,10,2,13
쌾,U+C33E,10,2,14
쌿,U+C33F,10,2,15
썀,U+C340,10,2,16
썁,U+C341,10,2,17
썂,U+C342,10,2,18
썃,U+C343,10,2,19
썄,U+C344,10,2,20
썅,U+C345,10,2,21
썆,U+C346,10,2,22
썇,U+C347,10,2,23
썈,U+C348,10,2,24
썉,U+C349,10,2,25
썊,U+C34A,10,2,26
썋,U+C34B,10,2,27
썌,U+C34C,10,3,0
썍,U+C34D,10,3,1
썎,U+C34E,10,3,2
썏,U+C34F,10,3,3
썐,U+C350,10,3,4
썑,U+C351,10,3,5
썒,U+C352,10,3,6
썓,U+C353,10,3,7
썔,U+C354,10,3,8
썕,U+C355,10,3,9
썖,U+C356,10,3,10
썗,U+C357,10,3,11
썘,U+C358,10,3,12
썙,U+C359,10,3,13
썚,U+C35A,10,3,14
썛,U+C35B,10,3,15
썜,U+C35C,10,3,16
썝,U+C35D,10,3,17
썞,U+C35E,10,3,18
썟,U+C35F,10,3,19
썠,U+C360,10,3,20
썡,U+C361,10,3,21
썢,U+C362,10,3,22
썣,U+C363,10,3,23
썤,U+C364,10,3,24
썥,U+C365,10,3,25
썦,U+C366,10,3,26
썧,U+C367,10,3,27
써,U+C368,10,4,0
썩,U+C369,10,4,1
썪,U+C36A,10,4,2
썫,U+C36B,10,4,3
썬,U+C36C,10,4,4
썭,U+C36D,10,4,5
썮,U+C36E,10,4,6
썯,U+C36F,10,4,7
썰,U+C370,10,4,8
썱,U+C371,10,4,9
썲,U+C372,10,4,10
썳,U+C373,10,4,11
썴,U+C374,10,4,12
썵,U+C375,10,4,13
썶,U+C376,10,4,14
썷,U+C377,10,4,15
썸,U+C378,10,4,16
썹,U+C379,10,4,17
썺,U+C37A,10,4,18
썻,U+C37B,10,4,19
썼,U+C37C,10,4,20
썽,U+C37D,10,4,21
썾,U+C37E,10,4,22
썿,U+C37F,10,4,23
쎀,U+C380,10,4,24
쎁,U+C381,10,4,25
쎂,U+C382,10,4,26
쎃,U+C383,10,4,27
쎄,U+C384,10,5,0
쎅,U+C385,10,5,1
쎆,U+C386,10,5,2
쎇,U+C387,10,5,3
쎈,U+C388,10,5,4
쎉,U+C389,10,5,5
쎊,U+C38A,10,5,6
쎋,U+C38B,10,5,7
쎌,U+C38C,10,5,8
쎍,U+C38D,10,5,9
쎎,U+C38E,10,5,10
쎏,U+C38F,10,5,11
쎐,U+C390,10,5,12
쎑,U+C391,10,5,13
쎒,U+C392,10,5,14
쎓,U+C393,10,5,15
쎔,U+C394,10,5,16
쎕,U+C395,10,5,17
쎖,U+C396,10,5,18
쎗,U+C397,10,5,19
쎘,U+C398,10,5,20
쎙,U+C399,10,5,21
쎚,U+C39A,10,5,22
쎛,U+C39B,10,5,23
쎜,U+C39C,10,5,24
쎝,U+C39D,10,5,25
쎞,U+C39E,10,5,26
쎟,U+C39F,10,5,27
쎠,U+C3A0,10,6,0
쎡,U+C3A1,10,6,1
쎢,U+C3A2,10,6,2
쎣,U+C3A3,10,6,3
쎤,U+C3A4,10,6,4
쎥,U+C3A5,10,6,5
쎦,U+C3A6,10,6,6
쎧,U+C3A7,10,6,7
쎨,U+C3A8,10,6,8
쎩,U+C3A9,10,6,9
쎪,U+C3AA,10,6,10
쎫,U+C3AB,10,6,11
쎬,U+C3AC,10,6,12
쎭,U+C3AD,10,6,13
쎮,U+C3AE,10,6,14
쎯,U+C3AF,10,6,15
쎰,U+C3B0,10,6,16
쎱,U+C3B1,10,6,17
쎲,U+C3B2,10,6,18
쎳,U+C3B3,10,6,19
쎴,U+C3B4,10,6,20
쎵,U+C3B5,10,6,21
쎶,U+C3B6,10,6,22
쎷,U+C3B7,10,6,23
쎸,U+C3B8,10,6,24
쎹,U+C3B9,10,6,25
쎺,U+C3BA,10,6,26
쎻,U+C3BB,10,6,27
쎼,U+C3BC,10,7,0
쎽,U+C3BD,10,7,1
쎾,U+C3BE,10,7,2
쎿,U+C3BF,10,7,3
쏀,U+C3C0,10,7,4
쏁,U+C3C1,10,7,5
쏂,U+C3C2,10,7,6
쏃,U+C3C3,10,7,7
쏄,U+C3C4,10,7,8
쏅,U+C3C5,10,7,9
쏆,U+C3C6,10,7,10
쏇,U+C3C7,10,7,11
쏈,U+C3C8,10,7,12
쏉,U+C3C9,10,7,13
쏊,U+C3CA,10,7,14
쏋,U+C3CB,10,7,15
쏌,U+C3CC,10,7,16
쏍,U+C3CD,10,7,17
쏎,U+C3CE,10,7,18
쏏,U+C3CF,10,7,19
쏐,U+C3D0,10,7,20
쏑,U+C3D1,10,7,21
쏒,U+C3D2,10,7,22
쏓,U+C3D3,10,7,23
쏔,U+C3D4,10,7,24
쏕,U+C3D5,10,7,25
쏖,U+C3D6,10,7,26
쏗,U+C3D7,10,7,27
쏘,U+C3D8,10,8,0
쏙,U+C3D9,10,8,1
쏚,U+C3DA,10,8,2
쏛,U+C3DB,10,8,3
쏜,U+C3DC,10,8,4
쏝,U+C3DD,10,8,5
쏞,U+C3DE,10,8,6
쏟,U+C3DF,10,8,7
쏠,U+C3E0,10,8,8
쏡,U+C3E1,10,8,9
쏢,U+C3E2,10,8,10
쏣,U+C3E3,10,8,11
쏤,U+C3E4,10,8,12
쏥,U+C3E5,10,8,13
쏦,U+C3E6,10,8,14
쏧,U+C3E7,10,8,15
쏨,U+C3E8,10,8,16
쏩,U+C3E9,10,8,17
쏪,U+C3EA,10,8,18
쏫,U+C3EB,10,8,19
쏬,U+C3EC,10,8,20
쏭,U+C3ED,10,8,21
쏮,U+C3EE,10,8,22
쏯,U+C3EF,10,8,23
쏰,U+C3F0,10,8,24
쏱,U+C3F1,10,8,25
쏲,U+C3F2,10,8,26
쏳,U+C3F3,10,8,27
쏴,U+C3F4,10,9,0
쏵,U+C3F5,10,9,1
쏶,U+C3F6,10,9,2
쏷,U+C3F7,10,9,3
쏸,U+C3F8,10,9,4
쏹,U+C3F9,10,9,5
쏺,U+C3FA,10,9,6
쏻,U+C3FB,10,9,7
쏼,U+C3FC,10,9,8
쏽,U+C3FD,10,9,9
쏾,U+C3FE,10,9,10
쏿,U+C3FF,10,9,11
쐀,U+C400,10,9,12
쐁,U+C401,10,9,13
쐂,U+C402,10,9,14
쐃,U+C403,10,9,15
쐄,U+C404,10,9,16
쐅,U+C405,10,9,17
쐆,U+C406,10,9,18
쐇,U+C407,10,9,19
쐈,U+C408,10,9,20
쐉,U+C409,10,9,21
쐊,U+C40A,10,9,22
쐋,U+C40B,10,9,23
쐌,U+C40C,10,9,24
쐍,U+C40D,10,9,25
쐎,U+C40E,10,9,26
쐏,U+C40F,10,9,27
쐐,U+C410,10,10,0
쐑,U+C411,10,10,1
쐒,U+C412,10,10,2
쐓,U+C413,10,10,3
쐔,U+C414,10,10,4
쐕,U+C415,10,10,5
쐖,U+C416,10,10,6
쐗,U+C417,10,10,7
쐘,U+C418,10,10,8
쐙,U+C419,10,10,9
쐚,U+C41A,10,10,10
쐛,U+C41B,10,10,11
쐜,U+C41C,10,10,12
쐝,U+C41D,10,10,13
쐞,U+C41E,10,10,14
쐟,U+C41F,10,10,15
쐠,U+C420,10,10,16
쐡,U+C421,10,10,17
쐢,U+C422,10,10,18
쐣,U+C423,10,10,19
쐤,U+C424,10,10,20
쐥,U+C425,10,10,21
쐦,U+C426,10,10,22
쐧,U+C427,10,10,23
쐨,U+C428,10,10,24
쐩,U+C429,10,10,25
쐪,U+C42A,10,10,26
쐫,U+C42B,10,10,27
쐬,U+C42C,10,11,0
쐭,U+C42D,10,11,1
쐮,U+C42E,10,11,2
쐯,U+C42F,10,11,3
쐰,U+C430,10,11,4
쐱,U+C431,10,11,5
쐲,U+C432,10,11,6
쐳,U+C433,10,11,7
쐴,U+C434,10,11,8
쐵,U+C435,10,11,9
쐶,U+C436,10,11,10
쐷,U+C437,10,11,11
쐸,U+C438,10,11,12
쐹,U+C439,10,11,13
쐺,U+C43A,10,11,14
쐻,U+C43B,10,11,15
쐼,U+C43C,10,11,16
쐽,U+C43D,10,11,17
쐾,U+C43E,10,11,18
쐿,U+C43F,10,11,19
쑀,U+C440,10,11,20
쑁,U+C441,10,11,21
쑂,U+C442,10,11,22
쑃,U+C443,10,11,23
쑄,U+C444,10,11,24
쑅,U+C445,10,11,25
쑆,U+C446,10,11,26
쑇,U+C447,10,11,27
쑈,U+C448,10,12,0
쑉,U+C449,10,12,1
쑊,U+C44A,10,12,2
쑋,U+C44B,10,12,3
쑌,U+C44C,10,12,4
쑍,U+C44D,10,12,5
쑎,U+C44E,10,12,6
쑏,U+C44F,10,12,7
쑐,U+C450,10,12,8
쑑,U+C451,10,12,9
쑒,U+C452,10,12,10
쑓,U+C453,10,12,11
쑔,U+C454,10,12,12
쑕,U+C455,10,12,13
쑖,U+C456,10,12,14
쑗,U+C457,10,12,15
쑘,U+C458,10,12,16
쑙,U+C459,10,12,17
쑚,U+C45A,10,12,18
쑛,U+C45B,10,12,19
쑜,U+C45C,10,12,20
쑝,U+C45D,10,12,21
쑞,U+C45E,10,12,22
쑟,U+C45F,10,12,23
쑠,U+C460,10,12,24
쑡,U+C461,10,12,25
쑢,U+C462,10,12,26
쑣,U+C463,10,12,27
쑤,U+C464,10,13,0
쑥,U+C465,10,13,1
쑦,U+C466,10,13,2
쑧,U+C467,10,13,3
쑨,U+C468,10,13,4
쑩,U+C469,10,13,5
쑪,U+C46A,10,13,6
쑫,U+C46B,10,13,7
쑬,U+C46C,10,13,8
쑭,U+C46D,10,13,9
쑮,U+C46E,10,13,10
쑯,U+C46F,10,13,11
쑰,U+C470,10,13,12
쑱,U+C471,10,13,13
쑲,U+C472,10,13,14
쑳,U+C473,10,13,15
쑴,U+C474,10,13,16
쑵,U+C475,10,13,17
쑶,U+C476,10,13,18
쑷,U+C477,10,13,19
쑸,U+C478,10,13,20
쑹,U+C479,10,13,21
쑺,U+C47A,10,13,22
쑻,U+C47B,10,13,23
쑼,U+C47C,10,13,24
쑽,U+C47D,10,13,25
쑾,U+C47E,10,13,26
쑿,U+C47F,10,13,27
쒀,U+C480,10,14,0
쒁,U+C481,10,14,1
쒂,U+C482,10,14,2
쒃,U+C483,10,14,3
쒄,U+C484,10,14,4
쒅,U+C485,10,14,5
쒆,U+C486,10,14,6
쒇,U+C487,10,14,7
쒈,U+C488,10,14,8
쒉,U+C489,10,14,9
쒊,U+C48A,10,14,10
쒋,U+C48B,10,14,11
쒌,U+C48C,10,14,12
쒍,U+C48D,10,14,13
쒎,U+C48E,10,14,14
쒏,U+C48F,10,14,15
쒐,U+C490,10,14,16
쒑,U+C491,10,14,17
쒒,U+C492,10,14,18
쒓,U+C493,10,14,19
쒔,U+C494,10,14,20
쒕,U+C495,10,14,21
쒖,U+C496,10,14,22
쒗,U+C497,10,14,23
쒘,U+C498,10,14,24
쒙,U+C499,10,14,25
쒚,U+C49A,10,14,26
쒛,U+C49B,10,14,27
쒜,U+C49C,10,15,0
쒝,U+C49D,10,15,1
쒞,U+C49E,10,15,2
쒟,U+C49F,10,15,3
쒠,U+C4A0,10,15,4
쒡,U+C4A1,10,15,5
쒢,U+C4A2,10,15,6
쒣,U+C4A3,10,15,7
쒤,U+C4A4,10,15,8
쒥,U+C4A5,10,15,9
쒦,U+C4A6,10,15,10
쒧,U+C4A7,10,15,11
쒨,U+C4A8,10,15,12
쒩,U+C4A9,10,15,13
쒪,U+C4AA,10,15,14
쒫,U+C4AB,10,15,15
쒬,U+C4AC,10,15,16
쒭,U+C4AD,10,15,17
쒮,U+C4AE,10,15,18
쒯,U+C4AF,10,15,19
쒰,U+C4B0,10,15,20
쒱,U+C4B1,10,15,21
쒲,U+C4B2,10,15,22
쒳,U+C4B3,10,15,23
쒴,U+C4B4,10,15,24
쒵,U+C4B5,10,15,25
쒶,U+C4B6,10,15,26
쒷,U+C4B7,10,15,27
쒸,U+C4B8,10,16,0
쒹,U+C4B9,10,16,1
쒺,U+C4BA,10,16,2
쒻,U+C4BB,10,16,3
쒼,U+C4BC,10,16,4
쒽,U+C4BD,10,16,5
쒾,U+C4BE,10,16,6
쒿,U+C4BF,10,16,7
쓀,U+C4C0,10,16,8
쓁,U+C4C1,10,16,9
쓂,U+C4C2,10,16,10
쓃,U+C4C3,10,16,11
쓄,U+C4C4,10,16,12
쓅,U+C4C5,10,16,13
쓆,U+C4C6,10,16,14
쓇,U+C4C7,10,16,15
쓈,U+C4C8,10,16,16
쓉,U+C4C9,10,16,17
쓊,U+C4CA,10,16,18
쓋,U+C4CB,10,16,19
쓌,U+C4CC,10,16,20
쓍,U+C4CD,10,16,21
쓎,U+C4CE,10,16,22
쓏,U+C4CF,10,16,23
쓐,U+C4D0,10,16,24
쓑,U+C4D1,10,16,25
쓒,U+C4D2,10,16,26
쓓,U+C4D3,10,16,27
쓔,U+C4D4,10,17,0
쓕,U+C4D5,10,17,1
쓖,U+C4D6,10,17,2
쓗,U+C4D7,10,17,3
쓘,U+C4D8,10,17,4
쓙,U+C4D9,10,17,5
쓚,U+C4DA,10,17,6
쓛,U+C4DB,10,17,7
쓜,U+C4DC,10,17,8
쓝,U+C4DD,10,17,9
쓞,U+C4DE,10,17,10
쓟,U+C4DF,10,17,11
쓠,U+C4E0,10,17,12
쓡,U+C4E1,10,17,13
쓢,U+C4E2,10,17,14
쓣,U+C4E3,10,17,15
쓤,U+C4E4,10,17,16
쓥,U+C4E5,10,17,17
쓦,U+C4E6,10,17,18
쓧,U+C4E7,10,17,19
쓨,U+C4E8,10,17,20
쓩,U+C4E9,10,17,21
쓪,U+C4EA,10,17,22
쓫,U+C4EB,10,17,23
쓬,U+C4EC,10,17,24
쓭,U+C4ED,10,17,25
쓮,U+C4EE,10,17,26
쓯,U+C4EF,10,17,27
쓰,U+C4F0,10,18,0
쓱,U+C4F1,10,18,1
쓲,U+C4F2,10,18,2
쓳,U+C4F3,10,18,3
쓴,U+C4F4,10,18,4
쓵,U+C4F5,10,18,5
쓶,U+C4F6,10,18,6
쓷,U+C4F7,10,18,7
쓸,U+C4F8,10,18,8
쓹,U+C4F9,10,18,9
쓺,U+C4FA,10,18,10
쓻,U+C4FB,10,18,11
쓼,U+C4FC,10,18,12
쓽,U+C4FD,10,18,13
쓾,U+C4FE,10,18,14
쓿,U+C4FF,10,18,15
씀,U+C500,10,18,16
씁,U+C501,10,18,17
씂,U+C502,10,18,18
씃,U+C503,10,18,19
씄,U+C504,10,18,20
씅,U+C505,10,18,21
씆,U+C506,10,18,22
씇,U+C507,10,18,23
씈,U+C508,10,18,24
씉,U+C509,10,18,25
씊,U+C50A,10,18,26
씋,U+C50B,10,18,27
씌,U+C50C,10,19,0
씍,U+C50D,10,19,1
씎,U+C50E,10,19,2
씏,U+C50F,10,19,3
씐,U+C510,10,19,4
씑,U+C511,10,19,5
씒,U+C512,10,19,6
씓,U+C513,10,19,7
씔,U+C514,10,19,8
씕,U+C515,10,19,9
씖,U+C516,10,19,10
씗,U+C517,10,19,11
씘,U+C518,10,19,12
씙,U+C519,10,19,13
씚,U+C51A,10,19,14
씛,U+C51B,10,19,15
씜,U+C51C,10,19,16
씝,U+C51D,10,19,17
씞,U+C51E,10,19,18
씟,U+C51F,10,19,19
씠,U+C520,10,19,20
씡,U+C521,10,19,21
씢,U+C522,10,19,22
씣,U+C523,10,19,23
씤,U+C524,10,19,24
씥,U+C525,10,19,25
씦,U+C526,10,19,26
씧,U+C527,10,19,27
씨,U+C528,10,20,0
씩,U+C529,10,20,1
씪,U+C52A,10,20,2
씫,U+C52B,10,20,3
씬,U+C52C,10,20,4
씭,U+C52D,10,20,5
씮,U+C52E,10,20,6
씯,U+C52F,10,20,7
씰,U+C530,10,20,8
씱,U+C531,10,20,9
씲,U+C532,10,20,10
씳,U+C533,10,20,11
씴,U+C534,10,20,12
씵,U+C535,10,20,13
씶,U+C536,10,20,14
씷,U+C537,10,20,15
씸,U+C538,10,20,16
씹,U+C539,10,20,17
씺,U+C53A,10,20,18
씻,U+C53B,10,20,19
씼,U+C53C,10,20,20
씽,U+C53D,10,20,21
씾,U+C53E,10,20,22
씿,U+C53F,10,20,23
앀,U+C540,10,20,24
앁,U+C541,10,20,25
앂,U+C542,10,20,26
앃,U+C543,10,20,27
아,U+C544,11,0,0
악,U+C545,11,0,1
앆,U+C546,11,0,2
앇,U+C547,11,0,3
안,U+C548,11,0,4
앉,U+C549,11,0,5
않,U+C54A,11,0,6
앋,U+C54B,11,0,7
알,U+C54C,11,0,8
앍,U+C54D,11,0,9
앎,U+C54E,11,0,10
앏,U+C54F,11,0,11
앐,U+C550,11,0,12
앑,U+C551,11,0,13
앒,U+C552,11,0,14
앓,U+C553,11,0,15
암,U+C554,11,0,16
압,U+C555,11,0,17
앖,U+C556,11,0,18
앗,U+C557,11,0,19
았,U+C558,11,0,20
앙,U+C559,11,0,21
앚,U+C55A,11,0,22
앛,U+C55B,11,0,23
앜,U+C55C,11,0,24
앝,U+C55D,11,0,25
앞,U+C55E,11,0,26
앟,U+C55F,11,0,27
애,U+C560,11,1,0
액,U+C561,11,1,1
앢,U+C562,11,1,2
앣,U+C563,11,1,3
앤,U+C564,11,1,4
앥,U+C565,11,1,5
앦,U+C566,11,1,6
앧,U+C567,11,1,7
앨,U+C568,11,1,8
앩,U+C569,11,1,9
앪,U+C56A,11,1,10
앫,U+C56B,11,1,11
앬,U+C56C,11,1,12
앭,U+C56D,11,1,13
앮,U+C56E,11,1,14
앯,U+C56F,11,1,15
앰,U+C570,11,1,16
앱,U+C571,11,1,17
앲,U+C572,11,1,18
앳,U+C573,11,1,19
앴,U+C574,11,1,20
앵,U+C575,11,1,21
앶,U+C576,11,1,22
앷,U+C577,11,1,23
앸,U+C578,11,1,24
앹,U+C579,11,1,25
앺,U+C57A,11,1,26
앻,U+C57B,11,1,27
야,U+C57C,11,2,0
약,U+C57D,11,2,1
앾,U+C57E,11,2,2
앿,U+C57F,11,2,3
얀,U+C580,11,2,4
얁,U+C581,11,2,5
얂,U+C582,11,2,6
얃,U+C583,11,2,7
얄,U+C584,11,2,8
얅,U+C585,11,2,9
얆,U+C586,11,2,10
얇,U+C587,11,2,11
얈,U+C588,11,2,12
얉,U+C589,11,2,13
얊,U+C58A,11,2,14
얋,U+C58B,11,2,15
얌,U+C58C,11,2,16
얍,U+C58D,11,2,17
얎,U+C58E,11,2,18
얏,U+C58F,11,2,19
얐,U+C590,11,2,20
양,U+C591,11,2,21
얒,U+C592,11,2,22
얓,U+C593,11,2,23
얔,U+C594,11,2,24
얕,U+C595,11,2,25
얖,U+C596,11,2,26
얗,U+C597,11,2,27
얘,U+C598,11,3,0
얙,U+C599,11,3,1
얚,U+C59A,11,3,2
얛,U+C59B,11,3,3
얜,U+C59C,11,3,4
얝,U+C59D,11,3,5
얞,U+C59E,11,3,6
얟,U+C59F,11,3,7
얠,U+C5A0,11,3,8
얡,U+C5A1,11,3,9
얢,U+C5A2,11,3,10
얣,U+C5A3,11,3,11
얤,U+C5A4,11,3,12
얥,U+C5A5,11,3,13
얦,U+C5A6,11,3,14
얧,U+C5A7,11,3,15
얨,U+C5A8,11,3,16
얩,U+C5A9,11,3,17
얪,U+C5AA,11,3,18
얫,U+C5AB,11,3,19
얬,U+C5AC,11,3,20
얭,U+C5AD,11,3,21
얮,U+C5AE,11,3,22
얯,U+C5AF,11,3,23
얰,U+C5B0,11,3,24
얱,U+C5B1,11,3,25
얲,U+C5B2,11,3,26
얳,U+C5B3,11,3,27
어,U+C5B4,11,4,0
억,U+C5B5,11,4,1
얶,U+C5B6,11,4,2
얷,U+C5B7,11,4,3
언,U+C5B8,11,4,4
얹,U+C5B9,11,4,5
얺,U+C5BA,11,4,6
얻,U+C5BB,11,4,7
얼,U+C5BC,11,4,8
얽,U+C5BD,11,4,9
얾,U+C5BE,11,4,10
얿,U+C5BF,11,4,11
엀,U+C5C0,11,4,12
엁,U+C5C1,11,4,13
엂,U+C5C2,11,4,14
엃,U+C5C3,11,4,15
엄,U+C5C4,11,4,16
업,U+C5C5,11,4,17
없,U+C5C6,11,4,18
엇,U+C5C7,11,4,19
었,U+C5C8,11,4,20
엉,U+C5C9,11,4,21
엊,U+C5CA,11,4,22
엋,U+C5CB,11,4,23
엌,U+C5CC,11,4,24
엍,U+C5CD,11,4,25
엎,U+C5CE,11,4,26
엏,U+C5CF,11,4,27
에,U+C5D0,11,5,0
엑,U+C5D1,11,5,1
엒,U+C5D2,11,5,2
엓,U+C5D3,11,5,3
엔,U+C5D4,11,5,4
엕,U+C5D5,11,5,5
엖,U+C5D6,11,5,6
엗,U+C5D7,11,5,7
엘,U+C5D8,11,5,8
엙,U+C5D9,11,5,9
엚,U+C5DA,11,5,10
엛,U+C5DB,11,5,11
엜,U+C5DC,11,5,12
엝,U+C5DD,11,5,13
엞,U+C5DE,11,5,14
엟,U+C5DF,11,5,15
엠,U+C5E0,11,5,16
엡,U+C5E1,11,5,17
엢,U+C5E2,11,5,18
엣,U+C5E3,11,5,19
엤,U+C5E4,11,5,20
엥,U+C5E5,11,5,21
엦,U+C5E6,11,5,22
엧,U+C5E7,11,5,23
엨,U+C5E8,11,5,24
엩,U+C5E9,11,5,25
엪,U+C5EA,11,5,26
엫,U+C5EB,11,5,27
여,U+C5EC,11,6,0
역,U+C5ED,11,6,1
엮,U+C5EE,11,6,2
엯,U+C5EF,11,6,3
연,U+C5F0,11,6,4
엱,U+C5F1,11,6,5
엲,U+C5F2,11,6,6
엳,U+C5F3,11,6,7
열,U+C5F4,11,6,8
엵,U+C5F5,11,6,9
엶,U+C5F6,11,6,10
엷,U+C5F7,11,6,11
엸,U+C5F8,11,6,12
엹,U+C5F9,11,6,13
엺,U+C5FA,11,6,14
엻,U+C5FB,11,6,15
염,U+C5FC,11,6,16
엽,U+C5FD,11,6,17
엾,U+C5FE,11,6,18
엿,U+C5FF,11,6,19
였,U+C600,11,6,20
영,U+C601,11,6,21
옂,U+C602,11,6,22
옃,U+C603,11,6,23
옄,U+C604,11,6,24
옅,U+C605,11,6,25
옆,U+C606,11,6,26
옇,U+C607,11,6,27
예,U+C608,11,7,0
옉,U+C609,11,7,1
옊,U+C60A,11,7,2
옋,U+C60B,11,7,3
옌,U+C60C,11,7,4
옍,U+C60D,11,7,5
옎,U+C60E,11,7,6
옏,U+C60F,11,7,7
옐,U+C610,11,7,8
옑,U+C611,11,7,9
옒,U+C612,11,7,10
옓,U+C613,11,7,11
옔,U+C614,11,7,12
옕,U+C615,11,7,13
옖,U+C616,11,7,14
옗,U+C617,11,7,15
옘,U+C618,11,7,16
옙,U+C619,11,7,17
옚,U+C61A,11,7,18
옛,U+C61B,11,7,19
옜,U+C61C,11,7,20
옝,U+C61D,11,7,21
옞,U+C61E,11,7,22
옟,U+C61F,11,7,23
옠,U+C620,11,7,24
옡,U+C621,11,7,25
옢,U+C622,11,7,26
옣,U+C623,11,7,27
오,U+C624,11,8,0
옥,U+C625,11,8,1
옦,U+C626,11,8,2
옧,U+C627,11,8,3
온,U+C628,11,8,4
옩,U+C629,11,8,5
옪,U+C62A,11,8,6
옫,U+C62B,11,8,7
올,U+C62C,11,8,8
옭,U+C62D,11,8,9
옮,U+C62E,11,8,10
옯,U+C62F,11,8,11
옰,U+C630,11,8,12
옱,U+C631,11,8,13
옲,U+C632,11,8,14
옳,U+C633,11,8,15
옴,U+C634,11,8,16
옵,U+C635,11,8,17
옶,U+C636,11,8,18
옷,U+C637,11,8,19
옸,U+C638,11,8,20
옹,U+C639,11,8,21
옺,U+C63A,11,8,22
옻,U+C63B,11,8,23
옼,U+C63C,11,8,24
옽,U+C63D,11,8,25
옾,U+C63E,11,8,26
옿,U+C63F,11,8,27
와,U+C640,11,9,0
왁,U+C641,11,9,1
왂,U+C642,11,9,2
왃,U+C643,11,9,3
완,U+C644,11,9,4
왅,U+C645,11,9,5
왆,U+C646,11,9,6
왇,U+C647,11,9,7
왈,U+C648,11,9,8
왉,U+C649,11,9,9
왊,U+C64A,11,9,10
왋,U+C64B,11,9,11
왌,U+C64C,11,9,12
왍,U+C64D,11,9,13
왎,U+C64E,11,9,14
왏,U+C64F,11,9,15
왐,U+C650,11,9,16
왑,U+C651,11,9,17
왒,U+C652,11,9,18
왓,U+C653,11,9,19
왔,U+C654,11,9,20
왕,U+C655,11,9,21
왖,U+C656,11,9,22
왗,U+C657,11,9,23
왘,U+C658,11,9,24
왙,U+C659,11,9,25
왚,U+C65A,11,9,26
왛,U+C65B,11,9,27
왜,U+C65C,11,10,0
왝,U+C65D,11,10,1
왞,U+C65E,11,10,2
왟,U+C65F,11,10,3
왠,U+C660,11,10,4
왡,U+C661,11,10,5
왢,U+C662,11,10,6
왣,U+C663,11,10,7
왤,U+C664,11,10,8
왥,U+C665,11,10,9
왦,U+C666,11,10,10
왧,U+C667,11,10,11
왨,U+C668,11,10,12
왩,U+C669,11,10,13
왪,U+C66A,11,10,14
왫,U+C66B,11,10,15
왬,U+C66C,11,10,16
왭,U+C66D,11,10,17
왮,U+C66E,11,10,18
왯,U+C66F,11,10,19
왰,U+C670,11,10,20
왱,U+C671,11,10,21
왲,U+C672,11,10,22
왳,U+C673,11,10,23
왴,U+C674,11,10,24
왵,U+C675,11,10,25
왶,U+C676,11,10,26
왷,U+C677,11,10,27
외,U+C678,11,11,0
왹,U+C679,11,11,1
왺,U+C67A,11,11,2
왻,U+C67B,11,11,3
왼,U+C67C,11,11,4
왽,U+C67D,11,11,5
왾,U+C67E,11,11,6
왿,U+C67F,11,11,7
욀,U+C680,11,11,8
욁,U+C681,11,11,9
욂,U+C682,11,11,10
욃,U+C683,11,11,11
욄,U+C684,11,11,12
욅,U+C685,11,11,13
욆,U+C686,11,11,14
욇,U+C687,11,11,15
욈,U+C688,11,11,16
욉,U+C689,11,11,17
욊,U+C68A,11,11,18
욋,U+C68B,11,11,19
욌,U+C68C,11,11,20
욍,U+C68D,11,11,21
욎,U+C68E,11,11,22
욏,U+C68F,11,11,23
욐,U+C690,11,11,24
욑,U+C691,11,11,25
욒,U+C692,11,11,26
욓,U+C693,11,11,27
요,U+C694,11,12,0
욕,U+C695,11,12,1
욖,U+C696,11,12,2
욗,U+C697,11,12,3
욘,U+C698,11,12,4
욙,U+C699,11,12,5
욚,U+C69A,11,12,6
욛,U+C69B,11,12,7
욜,U+C69C,11,12,8
욝,U+C69D,11,12,9
욞,U+C69E,11,12,10
욟,U+C69F,11,12,11
욠,U+C6A0,11,12,12
욡,U+C6A1,11,12,13
욢,U+C6A2,11,12,14
욣,U+C6A3,11,12,15
욤,U+C6A4,11,12,16
욥,U+C6A5,11,12,17
욦,U+C6A6,11,12,18
욧,U+C6A7,11,12,19
욨,U+C6A8,11,12,20
용,U+C6A9,11,12,21
욪,U+C6AA,11,12,22
욫,U+C6AB,11,12,23
욬,U+C6AC,11,12,24
욭,U+C6AD,11,12,25
욮,U+C6AE,11,12,26
욯,U+C6AF,11,12,27
우,U+C6B0,11,13,0
욱,U+C6B1,11,13,1
욲,U+C6B2,11,13,2
욳,U+C6B3,11,13,3
운,U+C6B4,11,13,4
욵,U+C6B5,11,13,5
욶,U+C6B6,11,13,6
욷,U+C6B7,11,13,7
울,U+C6B8,11,13,8
욹,U+C6B9,11,13,9
욺,U+C6BA,11,13,10
욻,U+C6BB,11,13,11
욼,U+C6BC,11,13,12
욽,U+C6BD,11,13,13
욾,U+C6BE,11,13,14
욿,U+C6BF,11,13,15
움,U+C6C0,11,13,16
웁,U+C6C1,11,13,17
웂,U+C6C2,11,13,18
웃,U+C6C3,11,13,19
웄,U+C6C4,11,13,20
웅,U+C6C5,11,13,21
웆,U+C6C6,11,13,22
웇,U+C6C7,11,13,23
웈,U+C6C8,11,13,24
웉,U+C6C9,11,13,25
웊,U+C6CA,11,13,26
웋,U+C6CB,11,13,27
워,U+C6CC,11,14,0
웍,U+C6CD,11,14,1
웎,U+C6CE,11,14,2
웏,U+C6CF,11,14,3
원,U+C6D0,11,14,4
웑,U+C6D1,11,14,5
웒,U+C6D2,11,14,6
웓,U+C6D3,11,14,7
월,U+C6D4,11,14,8
웕,U+C6D5,11,14,9
웖,U+C6D6,11,14,10
웗,U+C6D7,11,14,11
웘,U+C6D8,11,14,12
웙,U+C6D9,11,14,13
웚,U+C6DA,11,14,14
웛,U+C6DB,11,14,15
웜,U+C6DC,11,14,16
웝,U+C6DD,11,14,17
웞,U+C6DE,11,14,18
웟,U+C6DF,11,14,19
웠,U+C6E0,11,14,20
웡,U+C6E1,11,14,21
웢,U+C6E2,11,14,22
웣,U+C6E3,11,14,23
웤,U+C6E4,11,14,24
웥,U+C6E5,11,14,25
웦,U+C6E6,11,14,26
웧,U+C6E7,11,14,27
웨,U+C6E8,11,15,0
웩,U+C6E9,11,15,1
웪,U+C6EA,11,15,2
웫,U+C6EB,11,15,3
웬,U+C6EC,11,15,4
웭,U+C6ED,11,15,5
웮,U+C6EE,11,15,6
웯,U+C6EF,11,15,7
웰,U+C6F0,11,15,8
웱,U+C6F1,11,15,9
웲,U+C6F2,11,15,10
웳,U+C6F3,11,15,11
웴,U+C6F4,11,15,12
웵,U+C6F5,11,15,13
웶,U+C6F6,11,15,14
웷,U+C6F7,11,15,15
웸,U+C6F8,11,15,16
웹,U+C6F9,11,15,17
웺,U+C6FA,11,15,18
웻,U+C6FB,11,15,19
웼,U+C6FC,11,15,20
웽,U+C6FD,11,15,21
웾,U+C6FE,11,15,22
웿,U+C6FF,11,15,23
윀,U+C700,11,15,24
윁,U+C701,11,15,25
윂,U+C702,11,15,26
윃,U+C703,11,15,27
위,U+C704,11,16,0
윅,U+C705,11,16,1
윆,U+C706,11,16,2
윇,U+C707,11,16,3
윈,U+C708,11,16,4
윉,U+C709,11,16,5
윊,U+C70A,11,16,6
윋,U+C70B,11,16,7
윌,U+C70C,11,16,8
윍,U+C70D,11,16,9
윎,U+C70E,11,16,10
윏,U+C70F,11,16,11
윐,U+C710,11,16,12
윑,U+C711,11,16,13
윒,U+C712,11,16,14
윓,U+C713,11,16,15
윔,U+C714,11,16,16
윕,U+C715,11,16,17
윖,U+C716,11,16,18
윗,U+C717,11,16,19
윘,U+C718,11,16,20
윙,U+C719,11,16,21
윚,U+C71A,11,16,22
윛,U+C71B,11,16,23
윜,U+C71C,11,16,24
윝,U+C71D,11,16,25
윞,U+C71E,11,16,26
윟,U+C71F,11,16,27
유,U+C720,11,17,0
육,U+C721,11,17,1
윢,U+C722,11,17,2
윣,U+C723,11,17,3
윤,U+C724,11,17,4
윥,U+C725,11,17,5
윦,U+C726,11,17,6
윧,U+C727,11,17,7
율,U+C728,11,17,8
윩,U+C729,11,17,9
윪,U+C72A,11,17,10
윫,U+C72B,11,17,11
윬,U+C72C,11,17,12
윭,U+C72D,11,17,13
윮,U+C72E,11,17,14
윯,U+C72F,11,17,15
윰,U+C730,11,17,16
윱,U+C731,11,17,17
윲,U+C732,11,17,18
윳,U+C733,11,17,19
윴,U+C734,11,17,20
융,U+C735,11,17,21
윶,U+C736,11,17,22
윷,U+C737,11,17,23
윸,U+C738,11,17,24
윹,U+C739,11,17,25
윺,U+C73A,11,17,26
윻,U+C73B,11,17,27
으,U+C73C,11,18,0
윽,U+C73D,11,18,1
윾,U+C73E,11,18,2
윿,U+C73F,11,18,3
은,U+C740,11,18,4
읁,U+C741,11,18,5
읂,U+C742,11,18,6
읃,U+C743,11,18,7
을,U+C744,11,18,8
읅,U+C745,11,18,9
읆,U+C746,11,18,10
읇,U+C747,11,18,11
읈,U+C748,11,18,12
읉,U+C749,11,18,13
읊,U+C74A,11,18,14
읋,U+C74B,11,18,15
음,U+C74C,11,18,16
읍,U+C74D,11,18,17
읎,U+C74E,11,18,18
읏,U+C74F,11,18,19
읐,U+C750,11,18,20
응,U+C751,11,18,21
읒,U+C752,11,18,22
읓,U+C753,11,18,23
읔,U+C754,11,18,24
읕,U+C755,11,18,25
읖,U+C756,11,18,26
읗,U+C757,11,18,27
의,U+C758,11,19,0
읙,U+C759,11,19,1
읚,U+C75A,11,19,2
읛,U+C75B,11,19,3
읜,U+C75C,11,19,4
읝,U+C75D,11,19,5
읞,U+C75E,11,19,6
읟,U+C75F,11,19,7
읠,U+C760,11,19,8
읡,U+C761,11,19,9
읢,U+C762,11,19,10
읣,U+C763,11,19,11
읤,U+C764,11,19,12
읥,U+C765,11,19,13
읦,U+C766,11,19,14
읧,U+C767,11,19,15
읨,U+C768,11,19,16
읩,U+C769,11,19,17
읪,U+C76A,11,19,18
읫,U+C76B,11,19,19
읬,U+C76C,11,19,20
읭,U+C76D,11,19,21
읮,U+C76E,11,19,22
읯,U+C76F,11,19,23
읰,U+C770,11,19,24
읱,U+C771,11,19,25
읲,U+C772,11,19,26
읳,U+C773,11,19,27
이,U+C774,11,20,0
익,U+C775,11,20,1
읶,U+C776,11,20,2
읷,U+C777,11,20,3
인,U+C778,11,20,4
읹,U+C779,11,20,5
읺,U+C77A,11,20,6
읻,U+C77B,11,20,7
일,U+C77C,11,20,8
읽,U+C77D,11,20,9
읾,U+C77E,11,20,10
읿,U+C77F,11,20,11
잀,U+C780,11,20,12
잁,U+C781,11,20,13
잂,U+C782,11,20,14
잃,U+C783,11,20,15
임,U+C784,11,20,16
입,U+C785,11,20,17
잆,U+C786,11,20,18
잇,U+C787,11,20,19
있,U+C788,11,20,20
잉,U+C789,11,20,21
잊,U+C78A,11,20,22
잋,U+C78B,11,20,23
잌,U+C78C,11,20,24
잍,U+C78D,11,20,25
잎,U+C78E,11,20,26
잏,U+C78F,11,20,27
자,U+C790,12,0,0
작,U+C791,12,0,1
잒,U+C792,12,0,2
잓,U+C793,12,0,3
잔,U+C794,12,0,4
잕,U+C795,12,0,5
잖,U+C796,12,0,6
잗,U+C797,12,0,7
잘,U+C798,12,0,8
잙,U+C799,12,0,9
잚,U+C79A,12,0,10
잛,U+C79B,12,0,11
잜,U+C79C,12,0,12
잝,U+C79D,12,0,13
잞,U+C79E,12,0,14
잟,U+C79F,12,0,15
잠,U+C7A0,12,0,16
잡,U+C7A1,12,0,17
잢,U+C7A2,12,0,18
잣,U+C7A3,12,0,19
잤,U+C7A4,12,0,20
장,U+C7A5,12,0,21
잦,U+C7A6,12,0,22
잧,U+C7A7,12,0,23
잨,U+C7A8,12,0,24
잩,U+C7A9,12,0,25
잪,U+C7AA,12,0,26
잫,U+C7AB,12,0,27
재,U+C7AC,12,1,0
잭,U+C7AD,12,1,1
잮,U+C7AE,12,1,2
잯,U+C7AF,12,1,3
잰,U+C7B0,12,1,4
잱,U+C7B1,12,1,5
잲,U+C7B2,12,1,6
잳,U+C7B3,12,1,7
잴,U+C7B4,12,1,8
잵,U+C7B5,12,1,9
잶,U+C7B6,12,1,10
잷,U+C7B7,12,1,11
잸,U+C7B8,12,1,12
잹,U+C7B9,12,1,13
잺,U+C7BA,12,1,14
잻,U+C7BB,12,1,15
잼,U+C7BC,12,1,16
잽,U+C7BD,12,1,17
잾,U+C7BE,12,1,18
잿,U+C7BF,12,1,19
쟀,U+C7C0,12,1,20
쟁,U+C7C1,12,1,21
쟂,U+C7C2,12,1,22
쟃,U+C7C3,12,1,23
쟄,U+C7C4,12,1,24
쟅,U+C7C5,12,1,25
쟆,U+C7C6,12,1,26
쟇,U+C7C7,12,1,27
쟈,U+C7C8,12,2,0
쟉,U+C7C9,12,2,1
쟊,U+C7CA,12,2,2
쟋,U+C7CB,12,2,3
쟌,U+C7CC,12,2,4
쟍,U+C7CD,12,2,5
쟎,U+C7CE,12,2,6
쟏,U+C7CF,12,2,7
쟐,U+C7D0,12,2,8
쟑,U+C7D1,12,2,9
쟒,U+C7D2,12,2,10
쟓,U+C7D3,12,2,11
쟔,U+C7D4,12,2,12
쟕,U+C7D5,12,2,13
쟖,U+C7D6,12,2,14
쟗,U+C7D7,12,2,15
쟘,U+C7D8,12,2,16
쟙,U+C7D9,12,2,17
쟚,U+C7DA,12,2,18
쟛,U+C7DB,12,2,19
쟜,U+C7DC,12,2,20
쟝,U+C7DD,12,2,21
쟞,U+C7DE,12,2,22
쟟,U+C7DF,12,2,23
쟠,U+C7E0,12,2,24
쟡,U+C7E1,12,2,25
쟢,U+C7E2,12,2,26
쟣,U+C7E3,12,2,27
쟤,U+C7E4,12,3,0
쟥,U+C7E5,12,3,1
쟦,U+C7E6,12,3,2
쟧,U+C7E7,12,3,3
쟨,U+C7E8,12,3,4
쟩,U+C7E9,12,3,5
쟪,U+C7EA,12,3,6
쟫,U+C7EB,12,3,7
쟬,U+C7EC,12,3,8
쟭,U+C7ED,12,3,9
쟮,U+C7EE,12,3,10
쟯,U+C7EF,12,3,11
쟰,U+C7F0,12,3,12
쟱,U+C7F1,12,3,13
쟲,U+C7F2,12,3,14
쟳,U+C7F3,12,3,15
쟴,U+C7F4,12,3,16
쟵,U+C7F5,12,3,17
쟶,U+C7F6,12,3,18
쟷,U+C7F7,12,3,19
쟸,U+C7F8,12,3,20
쟹,U+C7F9,12,3,21
쟺,U+C7FA,12,3,22
쟻,U+C7FB,12,3,23
쟼,U+C7FC,12,3,24
쟽,U+C7FD,12,3,25
쟾,U+C7FE,12,3,26
쟿,U+C7FF,12,3,27
저,U+C800,12,4,0
적,U+C801,12,4,1
젂,U+C802,12,4,2
젃,U+C803,12,4,3
전,U+C804,12,4,4
젅,U+C805,12,4,5
젆,U+C806,12,4,6
젇,U+C807,12,4,7
절,U+C808,12,4,8
젉,U+C809,12,4,9
젊,U+C80A,12,4,10
젋,U+C80B,12,4,11
젌,U+C80C,12,4,12
젍,U+C80D,12,4,13
젎,U+C80E,12,4,14
젏,U+C80F,12,4,15
점,U+C810,12,4,16
접,U+C811,12,4,17
젒,U+C812,12,4,18
젓,U+C813,12,4,19
젔,U+C814,12,4,20
정,U+C815,12,4,21
젖,U+C816,12,4,22
젗,U+C817,12,4,23
젘,U+C818,12,4,24
젙,U+C819,12,4,25
젚,U+C81A,12,4,26
젛,U+C81B,12,4,27
제,U+C81C,12,5,0
젝,U+C81D,12,5,1
젞,U+C81E,12,5,2
젟,U+C81F,12,5,3
젠,U+C820,12,5,4
젡,U+C821,12,5,5
젢,U+C822,12,5,6
젣,U+C823,12,5,7
젤,U+C824,12,5,8
젥,U+C825,12,5,9
젦,U+C826,12,5,10
젧,U+C827,12,5,11
젨,U+C828,12,5,12
젩,U+C829,12,5,13
젪,U+C82A,12,5,14
젫,U+C82B,12,5,15
젬,U+C82C,12,5,16
젭,U+C82D,12,5,17
젮,U+C82E,12,5,18
젯,U+C82F,12,5,19
젰,U+C830,12,5,20
젱,U+C831,12,5,21
젲,U+C832,12,5,22
젳,U+C833,12,5,23
젴,U+C834,12,5,24
젵,U+C835,12,5,25
젶,U+C836,12,5,26
젷,U+C837,12,5,27
져,U+C838,12,6,0
젹,U+C839,12,6,1
젺,U+C83A,12,6,2
젻,U+C83B,12,6,3
젼,U+C83C,12,6,4
젽,U+C83D,12,6,5
젾,U+C83E,12,6,6
젿,U+C83F,12,6,7
졀,U+C840,12,6,8
졁,U+C841,12,6,9
졂,U+C842,12,6,10
졃,U+C843,12,6,11
졄,U+C844,12,6,12
졅,U+C845,12,6,13
졆,U+C846,12,6,14
졇,U+C847,12,6,15
졈,U+C848,12,6,16
졉,U+C849,12,6,17
졊,U+C84A,12,6,18
졋,U+C84B,12,6,19
졌,U+C84C,12,6,20
졍,U+C84D,12,6,21
졎,U+C84E,12,6,22
졏,U+C84F,12,6,23
졐,U+C850,12,6,24
졑,U+C851,12,6,25
졒,U+C852,12,6,26
졓,U+C853,12,6,27
졔,U+C854,12,7,0
졕,U+C855,12,7,1
졖,U+C856,12,7,2
졗,U+C857,12,7,3
졘,U+C858,12,7,4
졙,U+C859,12,7,5
졚,U+C85A,12,7,6
졛,U+C85B,12,7,7
졜,U+C85C,12,7,8
졝,U+C85D,12,7,9
졞,U+C85E,12,7,10
졟,U+C85F,12,7,11
졠,U+C860,12,7,12
졡,U+C861,12,7,13
졢,U+C862,12,7,14
졣,U+C863,12,7,15
졤,U+C864,12,7,16
졥,U+C865,12,7,17
졦,U+C866,12,7,18
졧,U+C867,12,7,19
졨,U+C868,12,7,20
졩,U+C869,12,7,21
졪,U+C86A,12,7,22
졫,U+C86B,12,7,23
졬,U+C86C,12,7,24
졭,U+C86D,12,7,25
졮,U+C86E,12,7,26
졯,U+C86F,12,7,27
조,U+C870,12,8,0
족,U+C871,12,8,1
졲,U+C872,12,8,2
졳,U+C873,12,8,3
존,U+C874,12,8,4
졵,U+C875,12,8,5
졶,U+C876,12,8,6
졷,U+C877,12,8,7
졸,U+C878,12,8,8
졹,U+C879,12,8,9
졺,U+C87A,12,8,10
졻,U+C87B,12,8,11
졼,U+C87C,12,8,12
졽,U+C87D,12,8,13
졾,U+C87E,12,8,14
졿,U+C87F,12,8,15
좀,U+C880,12,8,16
좁,U+C881,12,8,17
좂,U+C882,12,8,18
좃,U+C883,12,8,19
좄,U+C884,12,8,20
종,U+C885,12,8,21
좆,U+C886,12,8,22
좇,U+C887,12,8,23
좈,U+C888,12,8,24
좉,U+C889,12,8,25
좊,U+C88A,12,8,26
좋,U+C88B,12,8,27
좌,U+C88C,12,9,0
좍,U+C88D,12,9,1
좎,U+C88E,12,9,2
좏,U+C88F,12,9,3
좐,U+C890,12,9,4
좑,U+C891,12,9,5
좒,U+C892,12,9,6
좓,U+C893,12,9,7
좔,U+C894,12,9,8
좕,U+C895,12,9,9
좖,U+C896,12,9,10
좗,U+C897,12,9,11
좘,U+C898,12,9,12
좙,U+C899,12,9,13
좚,U+C89A,12,9,14
좛,U+C89B,12,9,15
좜,U+C89C,12,9,16
좝,U+C89D,12,9,17
좞,U+C89E,12,9,18
좟,U+C89F,12,9,19
좠,U+C8A0,12,9,20
좡,U+C8A1,12,9,21
좢,U+C8A2,12,9,22
좣,U+C8A3,12,9,23
좤,U+C8A4,12,9,24
좥,U+C8A5,12,9,25
좦,U+C8A6,12,9,26
좧,U+C8A7,12,9,27
좨,U+C8A8,12,10,0
좩,U+C8A9,12,10,1
좪,U+C8AA,12,10,2
좫,U+C8AB,12,10,3
좬,U+C8AC,12,10,4
좭,U+C8AD,12,10,5
좮,U+C8AE,12,10,6
좯,U+C8AF,12,10,7
좰,U+C8B0,12,10,8
좱,U+C8B1,12,10,9
좲,U+C8B2,12,10,10
좳,U+C8B3,12,10,11
좴,U+C8B4,12,10,12
좵,U+C8B5,12,10,13
좶,U+C8B6,12,10,14
좷,U+C8B7,12,10,15
좸,U+C8B8,12,10,16
좹,U+C8B9,12,10,17
좺,U+C8BA,12,10,18
좻,U+C8BB,12,10,19
좼,U+C8BC,12,10,20
좽,U+C8BD,12,10,21
좾,U+C8BE,12,10,22
좿,U+C8BF,12,10,23
죀,U+C8C0,12,10,24
죁,U+C8C1,12,10,25
죂,U+C8C2,12,10,26
죃,U+C8C3,12,10,27
죄,U+C8C4,12,11,0
죅,U+C8C5,12,11,1
죆,U+C8C6,12,11,2
죇,U+C8C7,12,11,3
죈,U+C8C8,12,11,4
죉,U+C8C9,12,11,5
죊,U+C8CA,12,11,6
죋,U+C8CB,12,11,7
죌,U+C8CC,12,11,8
죍,U+C8CD,12,11,9
죎,U+C8CE,12,11,10
죏,U+C8CF,12,11,11
죐,U+C8D0,12,11,12
죑,U+C8D1,12,11,13
죒,U+C8D2,12,11,14
죓,U+C8D3,12,11,15
죔,U+C8D4,12,11,16
죕,U+C8D5,12,11,17
죖,U+C8D6,12,11,18
죗,U+C8D7,12,11,19
죘,U+C8D8,12,11,20
죙,U+C8D9,12,11,21
죚,U+C8DA,12,11,22
죛,U+C8DB,12,11,23
죜,U+C8DC,12,11,24
죝,U+C8DD,12,11,25
죞,U+C8DE,12,11,26
죟,U+C8DF,12,11,27
죠,U+C8E0,12,12,0
죡,U+C8E1,12,12,1
죢,U+C8E2,12,12,2
죣,U+C8E3,12,12,3
죤,U+C8E4,12,12,4
죥,U+C8E5,12,12,5
죦,U+C8E6,12,12,6
죧,U+C8E7,12,12,7
죨,U+C8E8,12,12,8
죩,U+C8E9,12,12,9
죪,U+C8EA,12,12,10
죫,U+C8EB,12,12,11
죬,U+C8EC,12,12,12
죭,U+C8ED,12,12,13
죮,U+C8EE,12,12,14
죯,U+C8EF,12,12,15
죰,U+C8F0,12,12,16
죱,U+C8F1,12,12,17
죲,U+C8F2,12,12,18
죳,U+C8F3,12,12,19
죴,U+C8F4,12,12,20
죵,U+C8F5,12,12,21
죶,U+C8F6,12,12,22
죷,U+C8F7,12,12,23
죸,U+C8F8,12,12,24
죹,U+C8F9,12,12,25
죺,U+C8FA,12,12,26
죻,U+C8FB,12,12,27
주,U+C8FC,12,13,0
죽,U+C8FD,12,13,1
죾,U+C8FE,12,13,2
죿,U+C8FF,12,13,3
준,U+C900,12,13,4
줁,U+C901,12,13,5
줂,U+C902,12,13,6
줃,U+C903,12,13,7
줄,U+C904,12,13,8
줅,U+C905,12,13,9
줆,U+C906,12,13,10
줇,U+C907,12,13,11
줈,U+C908,12,13,12
줉,U+C909,12,13,13
줊,U+C90A,12,13,14
줋,U+C90B,12,13,15
줌,U+C90C,12,13,16
줍,U+C90D,12,13,17
줎,U+C90E,12,13,18
줏,U+C90F,12,13,19
줐,U+C910,12,13,20
중,U+C911,12,13,21
줒,U+C912,12,13,22
줓,U+C913,12,13,23
줔,U+C914,12,13,24
줕,U+C915,12,13,25
줖,U+C916,12,13,26
줗,U+C917,12,13,27
줘,U+C918,12,14,0
줙,U+C919,12,14,1
줚,U+C91A,12,14,2
줛,U+C91B,12,14,3
줜,U+C91C,12,14,4
줝,U+C91D,12,14,5
줞,U+C91E,12,14,6
줟,U+C91F,12,14,7
줠,U+C920,12,14,8
줡,U+C921,12,14,9
줢,U+C922,12,14,10
줣,U+C923,12,14,11
줤,U+C924,12,14,12
줥,U+C925,12,14,13
줦,U+C926,12,14,14
줧,U+C927,12,14,15
줨,U+C928,12,14,16
줩,U+C929,12,14,17
줪,U+C92A,12,14,18
줫,U+C92B,12,14,19
줬,U+C92C,12,14,20
줭,U+C92D,12,14,21
줮,U+C92E,12,14,22
줯,U+C92F,12,14,23
줰,U+C930,12,14,24
줱,U+C931,12,14,25
줲,U+C932,12,14,26
줳,U+C933,12,14,27
줴,U+C934,12,15,0
줵,U+C935,12,15,1
줶,U+C936,12,15,2
줷,U+C937,12,15,3
줸,U+C938,12,15,4
줹,U+C939,12,15,5
줺,U+C93A,12,15,6
줻,U+C93B,12,15,7
줼,U+C93C,12,15,8
줽,U+C93D,12,15,9
줾,U+C93E,12,15,10
줿,U+C93F,12,15,11
쥀,U+C940,12,15,12
쥁,U+C941,12,15,13
쥂,U+C942,12,15,14
쥃,U+C943,12,15,15
쥄,U+C944,12,15,16
쥅,U+C945,12,15,17
쥆,U+C946,12,15,18
쥇,U+C947,12,15,19
쥈,U+C948,12,15,20
쥉,U+C949,12,15,21
쥊,U+C94A,12,15,22
쥋,U+C94B,12,15,23
쥌,U+C94C,12,15,24
쥍,U+C94D,12,15,25
쥎,U+C94E,12,15,26
쥏,U+C94F,12,15,27
쥐,U+C950,12,16,0
쥑,U+C951,12,16,1
쥒,U+C952,12,16,2
쥓,U+C953,12,16,3
쥔,U+C954,12,16,4
쥕,U+C955,12,16,5
쥖,U+C956,12,16,6
쥗,U+C957,12,16,7
쥘,U+C958,12,16,8
쥙,U+C959,12,16,9
쥚,U+C95A,12,16,10
쥛,U+C95B,12,16,11
쥜,U+C95C,12,16,12
쥝,U+C95D,12,16,13
쥞,U+C95E,12,16,14
쥟,U+C95F,12,16,15
쥠,U+C960,12,16,16
쥡,U+C961,12,16,17
쥢,U+C962,12,16,18
쥣,U+C963,12,16,19
쥤,U+C964,12,16,20
쥥,U+C965,12,16,21
쥦,U+C966,12,16,22
쥧,U+C967,12,16,23
쥨,U+C968,12,16,24
쥩,U+C969,12,16,25
쥪,U+C96A,12,16,26
쥫,U+C96B,12,16,27
쥬,U+C96C,12,17,0
쥭,U+C96D,12,17,1
쥮,U+C96E,12,17,2
쥯,U+C96F,12,17,3
쥰,U+C970,12,17,4
쥱,U+C971,12,17,5
쥲,U+C972,12,17,6
쥳,U+C973,12,17,7
쥴,U+C974,12,17,8
쥵,U+C975,12,17,9
쥶,U+C976,12,17,10
쥷,U+C977,12,17,11
쥸,U+C978,12,17,12
쥹,U+C979,12,17,13
쥺,U+C97A,12,17,14
쥻,U+C97B,12,17,15
쥼,U+C97C,12,17,16
쥽,U+C97D,12,17,17
쥾,U+C97E,12,17,18
쥿,U+C97F,12,17,19
즀,U+C980,12,17,20
즁,U+C981,12,17,21
즂,U+C982,12,17,22
즃,U+C983,12,17,23
즄,U+C984,12,17,24
즅,U+C985,12,17,25
즆,U+C986,12,17,26
즇,U+C987,12,17,27
즈,U+C988,12,18,0
즉,U+C989,12,18,1
즊,U+C98A,12,18,2
즋,U+C98B,12,18,3
즌,U+C98C,12,18,4
즍,U+C98D,12,18,5
즎,U+C98E,12,18,6
즏,U+C98F,12,18,7
즐,U+C990,12,18,8
즑,U+C991,12,18,9
즒,U+C992,12,18,10
즓,U+C993,12,18,11
즔,U+C994,12,18,12
즕,U+C995,12,18,13
즖,U+C996,12,18,14
즗,U+C997,12,18,15
즘,U+C998,12,18,16
즙,U+C999,12,18,17
즚,U+C99A,12,18,18
즛,U+C99B,12,18,19
즜,U+C99C,12,18,20
증,U+C99D,12,18,21
즞,U+C99E,12,18,22
즟,U+C99F,12,18,23
즠,U+C9A0,12,18,24
즡,U+C9A1,12,18,25
즢,U+C9A2,12,18,26
즣,U+C9A3,12,18,27
즤,U+C9A4,12,19,0
즥,U+C9A5,12,19,1
즦,U+C9A6,12,19,2
즧,U+C9A7,12,19,3
즨,U+C9A8,12,19,4
즩,U+C9A9,12,19,5
즪,U+C9AA,12,19,6
즫,U+C9AB,12,19,7
즬,U+C9AC,12,19,8
즭,U+C9AD,12,19,9
즮,U+C9AE,12,19,10
즯,U+C9AF,12,19,11
즰,U+C9B0,12,19,12
즱,U+C9B1,12,19,13
즲,U+C9B2,12,19,14
즳,U+C9B3,12,19,15
즴,U+C9B4,12,19,16
즵,U+C9B5,12,19,17
즶,U+C9B6,12,19,18
즷,U+C9B7,12,19,19
즸,U+C9B8,12,19,20
즹,U+C9B9,12,19,21
즺,U+C9BA,12,19,22
즻,U+C9BB,12,19,23
즼,U+C9BC,12,19,24
즽,U+C9BD,12,19,25
즾,U+C9BE,12,19,26
즿,U+C9BF,12,19,27
지,U+C9C0,12,20,0
직,U+C9C1,12,20,1
짂,U+C9C2,12,20,2
짃,U+C9C3,12,20,3
진,U+C9C4,12,20,4
짅,U+C9C5,12,20,5
짆,U+C9C6,12,20,6
짇,U+C9C7,12,20,7
질,U+C9C8,12,20,8
짉,U+C9C9,12,20,9
짊,U+C9CA,12,20,10
짋,U+C9CB,12,20,11
짌,U+C9CC,12,20,12
짍,U+C9CD,12,20,13
짎,U+C9CE,12,20,14
짏,U+C9CF,12,20,15
짐,U+C9D0,12,20,16
집,U+C9D1,12,20,17
짒,U+C9D2,12,20,18
짓,U+C9D3,12,20,19
짔,U+C9D4,12,20,20
징,U+C9D5,12,20,21
짖,U+C9D6,12,20,22
짗,U+C9D7,12,20,23
짘,U+C9D8,12,20,24
짙,U+C9D9,12,20,25
짚,U+C9DA,12,20,26
짛,U+C9DB,12,20,27
짜,U+C9DC,13,0,0
짝,U+C9DD,13,0,1
짞,U+C9DE,13,0,2
짟,U+C9DF,13,0,3
짠,U+C9E0,13,0,4
짡,U+C9E1,13,0,5
짢,U+C9E2,13,0,6
짣,U+C9E3,13,0,7
짤,U+C9E4,13,0,8
짥,U+C9E5,13,0,9
짦,U+C9E6,13,0,10
짧,U+C9E7,13,0,11
짨,U+C9E8,13,0,12
짩,U+C9E9,13,0,13
짪,U+C9EA,13,0,14
짫,U+C9EB,13,0,15
짬,U+C9EC,13,0,16
짭,U+C9ED,13,0,17
짮,U+C9EE,13,0,18
짯,U+C9EF,13,0,19
짰,U+C9F0,13,0,20
짱,U+C9F1,13,0,21
짲,U+C9F2,13,0,22
짳,U+C9F3,13,0,23
짴,U+C9F4,13,0,24
짵,U+C9F5,13,0,25
짶,U+C9F6,13,0,26
짷,U+C9F7,13,0,27
째,U+C9F8,13,1,0
짹,U+C9F9,13,1,1
짺,U+C9FA,13,1,2
짻,U+C9FB,13,1,3
짼,U+C9FC,13,1,4
짽,U+C9FD,13,1,5
짾,U+C9FE,13,1,6
짿,U+C9FF,13,1,7
쨀,U+CA00,13,1,8
쨁,U+CA01,13,1,9
쨂,U+CA02,13,1,10
쨃,U+CA03,13,1,11
쨄,U+CA04,13,1,12
쨅,U+CA05,13,1,13
쨆,U+CA06,13,1,14
쨇,U+CA07,13,1,15
쨈,U+CA08,13,1,16
쨉,U+CA09,13,1,17
쨊,U+CA0A,13,1,18
쨋,U+CA0B,13,1,19
쨌,U+CA0C,13,1,20
쨍,U+CA0D,13,1,21
쨎,U+CA0E,13,1,22
쨏,U+CA0F,13,1,23
쨐,U+CA10,13,1,24
쨑,U+CA11,13,1,25
쨒,U+CA12,13,1,26
쨓,U+CA13,13,1,27
쨔,U+CA14,13,2,0
쨕,U+CA15,13,2,1
쨖,U+CA16,13,2,2
쨗,U+CA17,13,2,3
쨘,U+CA18,13,2,4
쨙,U+CA19,13,2,5
쨚,U+CA1A,13,2,6
쨛,U+CA1B,13,2,7
쨜,U+CA1C,13,2,8
쨝,U+CA1D,13,2,9
쨞,U+CA1E,13,2,10
쨟,U+CA1F,13,2,11
쨠,U+CA20,13,2,12
쨡,U+CA21,13,2,13
쨢,U+CA22,13,2,14
쨣,U+CA23,13,2,15
쨤,U+CA24,13,2,16
쨥,U+CA25,13,2,17
쨦,U+CA26,13,2,18
쨧,U+CA27,13,2,19
쨨,U+CA28,13,2,20
쨩,U+CA29,13,2,21
쨪,U+CA2A,13,2,22
쨫,U+CA2B,13,2,23
쨬,U+CA2C,13,2,24
쨭,U+CA2D,13,2,25
쨮,U+CA2E,13,2,26
쨯,U+CA2F,13,2,27
쨰,U+CA30,13,3,0
쨱,U+CA31,13,3,1
쨲,U+CA32,13,3,2
쨳,U+CA33,13,3,3
쨴,U+CA34,13,3,4
쨵,U+CA35,13,3,5
쨶,U+CA36,13,3,6
쨷,U+CA37,13,3,7
쨸,U+CA38,13,3,8
쨹,U+CA39,13,3,9
쨺,U+CA3A,13,3,10
쨻,U+CA3B,13,3,11
쨼,U+CA3C,13,3,12
쨽,U+CA3D,13,3,13
쨾,U+CA3E,13,3,14
쨿,U+CA3F,13,3,15
쩀,U+CA40,13,3,16
쩁,U+CA41,13,3,17
쩂,U+CA42,13,3,18
쩃,U+CA43,13,3,19
쩄,U+CA44,13,3,20
쩅,U+CA45,13,3,21
쩆,U+CA46,13,3,22
쩇,U+CA47,13,3,23
쩈,U+CA48,13,3,24
쩉,U+CA49,13,3,25
쩊,U+CA4A,13,3,26
쩋,U+CA4B,13,3,27
쩌,U+CA4C,13,4,0
쩍,U+CA4D,13,4,1
쩎,U+CA4E,13,4,2
쩏,U+CA4F,13,4,3
쩐,U+CA50,13,4,4
쩑,U+CA51,13,4,5
쩒,U+CA52,13,4,6
쩓,U+CA53,13,4,7
쩔,U+CA54,13,4,8
쩕,U+CA55,13,4,9
쩖,U+CA56,13,4,10
쩗,U+CA57,13,4,11
쩘,U+CA58,13,4,12
쩙,U+CA59,13,4,13
쩚,U+CA5A,13,4,14
쩛,U+CA5B,13,4,15
쩜,U+CA5C,13,4,16
쩝,U+CA5D,13,4,17
쩞,U+CA5E,13,4,18
쩟,U+CA5F,13,4,19
쩠,U+CA60,13,4,20
쩡,U+CA61,13,4,21
쩢,U+CA62,13,4,22
쩣,U+CA63,13,4,23
쩤,U+CA64,13,4,24
쩥,U+CA65,13,4,25
쩦,U+CA66,13,4,26
쩧,U+CA67,13,4,27
쩨,U+CA68,13,5,0
쩩,U+CA69,13,5,1
쩪,U+CA6A,13,5,2
쩫,U+CA6B,13,5,3
쩬,U+CA6C,13,5,4
쩭,U+CA6D,13,5,5
쩮,U+CA6E,13,5,6
쩯,U+CA6F,13,5,7
쩰,U+CA70,13,5,8
쩱,U+CA71,13,5,9
쩲,U+CA72,13,5,10
쩳,U+CA73,13,5,11
쩴,U+CA74,13,5,12
쩵,U+CA75,13,5,13
쩶,U+CA76,13,5,14
쩷,U+CA77,13,5,15
쩸,U+CA78,13,5,16
쩹,U+CA79,13,5,17
쩺,U+CA7A,13,5,18
쩻,U+CA7B,13,5,19
쩼,U+CA7C,13,5,20
쩽,U+CA7D,13,5,21
쩾,U+CA7E,13,5,22
쩿,U+CA7F,13,5,23
쪀,U+CA80,13,5,24
쪁,U+CA81,13,5,25
쪂,U+CA82,13,5,26
쪃,U+CA83,13,5,27
쪄,U+CA84,13,6,0
쪅,U+CA85,13,6,1
쪆,U+CA86,13,6,2
쪇,U+CA87,13,6,3
쪈,U+CA88,13,6,4
쪉,U+CA89,13,6,5
쪊,U+CA8A,13,6,6
쪋,U+CA8B,13,6,7
쪌,U+CA8C,13,6,8
쪍,U+CA8D,13,6,9
쪎,U+CA8E,13,6,10
쪏,U+CA8F,13,6,11
쪐,U+CA90,13,6,12
쪑,U+CA91,13,6,13
쪒,U+CA92,13,6,14
쪓,U+CA93,13,6,15
쪔,U+CA94,13,6,16
쪕,U+CA95,13,6,17
쪖,U+CA96,13,6,18
쪗,U+CA97,13,6,19
쪘,U+CA98,13,6,20
쪙,U+CA99,13,6,21
쪚,U+CA9A,13,6,22
쪛,U+CA9B,13,6,23
쪜,U+CA9C,13,6,24
쪝,U+CA9D,13,6,25
쪞,U+CA9E,13,6,26
쪟,U+CA9F,13,6,27
쪠,U+CAA0,13,7,0
쪡,U+CAA1,13,7,1
쪢,U+CAA2,13,7,2
쪣,U+CAA3,13,7,3
쪤,U+CAA4,13,7,4
쪥,U+CAA5,13,7,5
쪦,U+CAA6,13,7,6
쪧,U+CAA7,13,7,7
쪨,U+CAA8,13,7,8
쪩,U+CAA9,13,7,9
쪪,U+CAAA,13,7,10
쪫,U+CAAB,13,7,11
쪬,U+CAAC,13,7,12
쪭,U+CAAD,13,7,13
쪮,U+CAAE,13,7,14
쪯,U+CAAF,13,7,15
쪰,U+CAB0,13,7,16
쪱,U+CAB1,13,7,17
쪲,U+CAB2,13,7,18
쪳,U+CAB3,13,7,19
쪴,U+CAB4,13,7,20
쪵,U+CAB5,13,7,21
쪶,U+CAB6,13,7,22
쪷,U+CAB7,13,7,23
쪸,U+CAB8,13,7,24
쪹,U+CAB9,13,7,25
쪺,U+CABA,13,7,26
쪻,U+CABB,13,7,27
쪼,U+CABC,13,8,0
쪽,U+CABD,13,8,1
쪾,U+CABE,13,8,2
쪿,U+CABF,13,8,3
쫀,U+CAC0,13,8,4
쫁,U+CAC1,13,8,5
쫂,U+CAC2,13,8,6
쫃,U+CAC3,13,8,7
쫄,U+CAC4,13,8,8
쫅,U+CAC5,13,8,9
쫆,U+CAC6,13,8,10
쫇,U+CAC7,13,8,11
쫈,U+CAC8,13,8,12
쫉,U+CAC9,13,8,13
쫊,U+CACA,13,8,14
쫋,U+CACB,13,8,15
쫌,U+CACC,13,8,16
쫍,U+CACD,13,8,17
쫎,U+CACE,13,8,18
쫏,U+CACF,13,8,19
쫐,U+CAD0,13,8,20
쫑,U+CAD1,13,8,21
쫒,U+CAD2,13,8,22
쫓,U+CAD3,13,8,23
쫔,U+CAD4,13,8,24
쫕,U+CAD5,13,8,25
쫖,U+CAD6,13,8,26
쫗,U+CAD7,13,8,27
쫘,U+CAD8,13,9,0
쫙,U+CAD9,13,9,1
쫚,U+CADA,13,9,2
쫛,U+CADB,13,9,3
쫜,U+CADC,13,9,4
쫝,U+CADD,13,9,5
쫞,U+CADE,13,9,6
쫟,U+CADF,13,9,7
쫠,U+CAE0,13,9,8
쫡,U+CAE1,13,9,9
쫢,U+CAE2,13,9,10
쫣,U+CAE3,13,9,11
쫤,U+CAE4,13,9,12
쫥,U+CAE5,13,9,13
쫦,U+CAE6,13,9,14
쫧,U+CAE7,13,9,15
쫨,U+CAE8,13,9,16
쫩,U+CAE9,13,9,17
쫪,U+CAEA,13,9,18
쫫,U+CAEB,13,9,19
쫬,U+CAEC,13,9,20
쫭,U+CAED,13,9,21
쫮,U+CAEE,13,9,22
쫯,U+CAEF,13,9,23
쫰,U+CAF0,13,9,24
쫱,U+CAF1,13,9,25
쫲,U+CAF2,13,9,26
쫳,U+CAF3,13,9,27
쫴,U+CAF4,13,10,0
쫵,U+CAF5,13,10,1
쫶,U+CAF6,13,10,2
쫷,U+CAF7,13,10,3
쫸,U+CAF8,13,10,4
쫹,U+CAF9,13,10,5
쫺,U+CAFA,13,10,6
쫻,U+CAFB,13,10,7
쫼,U+CAFC,13,10,8
쫽,U+CAFD,13,10,9
쫾,U+CAFE,13,10,10
쫿,U+CAFF,13,10,11
쬀,U+CB00,13,10,12
쬁,U+CB01,13,10,13
쬂,U+CB02,13,10,14
쬃,U+CB03,13,10,15
쬄,U+CB04,13,10,16
쬅,U+CB05,13,10,17
쬆,U+CB06,13,10,18
쬇,U+CB07,13,10,19
쬈,U+CB08,13,10,20
쬉,U+CB09,13,10,21
쬊,U+CB0A,13,10,22
쬋,U+CB0B,13,10,23
쬌,U+CB0C,13,10,24
쬍,U+CB0D,13,10,25
쬎,U+CB0E,13,10,26
쬏,U+CB0F,13,10,27
쬐,U+CB10,13,11,0
쬑,U+CB11,13,11,1
쬒,U+CB12,13,11,2
쬓,U+CB13,13,11,3
쬔,U+CB14,13,11,4
쬕,U+CB15,13,11,5
쬖,U+CB16,13,11,6
쬗,U+CB17,13,11,7
쬘,U+CB18,13,11,8
쬙,U+CB19,13,11,9
쬚,U+CB1A,13,11,10
쬛,U+CB1B,13,11,11
쬜,U+CB1C,13,11,12
쬝,U+CB1D,13,11,13
쬞,U+CB1E,13,11,14
쬟,U+CB1F,13,11,15
쬠,U+CB20,13,11,16
쬡,U+CB21,13,11,17
쬢,U+CB22,13,11,18
쬣,U+CB23,13,11,19
쬤,U+CB24,13,11,20
쬥,U+CB25,13,11,21
쬦,U+CB26,13,11,22
쬧,U+CB27,13,11,23
쬨,U+CB28,13,11,24
쬩,U+CB29,13,11,25
쬪,U+CB2A,13,11,26
쬫,U+CB2B,13,11,27
쬬,U+CB2C,13,12,0
쬭,U+CB2D,13,12,1
쬮,U+CB2E,13,12,2
쬯,U+CB2F,13,12,3
쬰,U+CB30,13,12,4
쬱,U+CB31,13,12,5
쬲,U+CB32,13,12,6
쬳,U+CB33,13,12,7
쬴,U+CB34,13,12,8
쬵,U+CB35,13,12,9
쬶,U+CB36,13,12,10
쬷,U+CB37,13,12,11
쬸,U+CB38,13,12,12
쬹,U+CB39,13,12,13
쬺,U+CB3A,13,12,14
쬻,U+CB3B,13,12,15
쬼,U+CB3C,13,12,16
쬽,U+CB3D,13,12,17
쬾,U+CB3E,13,12,18
쬿,U+CB3F,13,12,19
쭀,U+CB40,13,12,20
쭁,U+CB41,13,12,21
쭂,U+CB42,13,12,22
쭃,U+CB43,13,12,23
쭄,U+CB44,13,12,24
쭅,U+CB45,13,12,25
쭆,U+CB46,13,12,26
쭇,U+CB47,13,12,27
쭈,U+CB48,13,13,0
쭉,U+CB49,13,13,1
쭊,U+CB4A,13,13,2
쭋,U+CB4B,13,13,3
쭌,U+CB4C,13,13,4
쭍,U+CB4D,13,13,5
쭎,U+CB4E,13,13,6
쭏,U+CB4F,13,13,7
쭐,U+CB50,13,13,8
쭑,U+CB51,13,13,9
쭒,U+CB52,13,13,10
쭓,U+CB53,13,13,11
쭔,U+CB54,13,13,12
쭕,U+CB55,13,13,13
쭖,U+CB56,13,13,14
쭗,U+CB57,13,13,15
쭘,U+CB58,13,13,16
쭙,U+CB59,13,13,17
쭚,U+CB5A,13,13,18
쭛,U+CB5B,13,13,19
쭜,U+CB5C,13,13,20
쭝,U+CB5D,13,13,21
쭞,U+CB5E,13,13,22
쭟,U+CB5F,13,13,23
쭠,U+CB60,13,13,24
쭡,U+CB61,13,13,25
쭢,U+CB62,13,13,26
쭣,U+CB63,13,13,27
쭤,U+CB64,13,14,0
쭥,U+CB65,13,14,1
쭦,U+CB66,13,14,2
쭧,U+CB67,13,14,3
쭨,U+CB68,13,14,4
쭩,U+CB69,13,14,5
쭪,U+CB6A,13,14,6
쭫,U+CB6B,13,14,7
쭬,U+CB6C,13,14,8
쭭,U+CB6D,13,14,9
쭮,U+CB6E,13,14,10
쭯,U+CB6F,13,14,11
쭰,U+CB70,13,14,12
쭱,U+CB71,13,14,13
쭲,U+CB72,13,14,14
쭳,U+CB73,13,14,15
쭴,U+CB74,13,14,16
쭵,U+CB75,13,14,17
쭶,U+CB76,13,14,18
쭷,U+CB77,13,14,19
쭸,U+CB78,13,14,20
쭹,U+CB79,13,14,21
쭺,U+CB7A,13,14,22
쭻,U+CB7B,13,14,23
쭼,U+CB7C,13,14,24
쭽,U+CB7D,13,14,25
쭾,U+CB7E,13,14,26
쭿,U+CB7F,13,14,27
쮀,U+CB80,13,15,0
쮁,U+CB81,13,15,1
쮂,U+CB82,13,15,2
쮃,U+CB83,13,15,3
쮄,U+CB84,13,15,4
쮅,U+CB85,13,15,5
쮆,U+CB86,13,15,6
쮇,U+CB87,13,15,7
쮈,U+CB88,13,15,8
쮉,U+CB89,13,15,9
쮊,U+CB8A,13,15,10
쮋,U+CB8B,13,15,11
쮌,U+CB8C,13,15,12
쮍,U+CB8D,13,15,13
쮎,U+CB8E,13,15,14
쮏,U+CB8F,13,15,15
쮐,U+CB90,13,15,16
쮑,U+CB91,13,15,17
쮒,U+CB92,13,15,18
쮓,U+CB93,13,15,19
쮔,U+CB94,13,15,20
쮕,U+CB95,13,15,21
쮖,U+CB96,13,15,22
쮗,U+CB97,13,15,23
쮘,U+CB98,13,15,24
쮙,U+CB99,13,15,25
쮚,U+CB9A,13,15,26
쮛,U+CB9B,13,15,27
쮜,U+CB9C,13,16,0
쮝,U+CB9D,13,16,1
쮞,U+CB9E,13,16,2
쮟,U+CB9F,13,16,3
쮠,U+CBA0,13,16,4
쮡,U+CBA1,13,16,5
쮢,U+CBA2,13,16,6
쮣,U+CBA3,13,16,7
쮤,U+CBA4,13,16,8
쮥,U+CBA5,13,16,9
쮦,U+CBA6,13,16,10
쮧,U+CBA7,13,16,11
쮨,U+CBA8,13,16,12
쮩,U+CBA9,13,16,13
쮪,U+CBAA,13,16,14
쮫,U+CBAB,13,16,15
쮬,U+CBAC,13,16,16
쮭,U+CBAD,13,16,17
쮮,U+CBAE,13,16,18
쮯,U+CBAF,13,16,19
쮰,U+CBB0,13,16,20
쮱,U+CBB1,13,16,21
쮲,U+CBB2,13,16,22
쮳,U+CBB3,13,16,23
쮴,U+CBB4,13,16,24
쮵,U+CBB5,13,16,25
쮶,U+CBB6,13,16,26
쮷,U+CBB7,13,16,27
쮸,U+CBB8,13,17,0
쮹,U+CBB9,13,17,1
쮺,U+CBBA,13,17,2
쮻,U+CBBB,13,17,3
쮼,U+CBBC,13,17,4
쮽,U+CBBD,13,17,5
쮾,U+CBBE,13,17,6
쮿,U+CBBF,13,17,7
쯀,U+CBC0,13,17,8
쯁,U+CBC1,13,17,9
쯂,U+CBC2,13,17,10
쯃,U+CBC3,13,17,11
쯄,U+CBC4,13,17,12
쯅,U+CBC5,13,17,13
쯆,U+CBC6,13,17,14
쯇,U+CBC7,13,17,15
쯈,U+CBC8,13,17,16
쯉,U+CBC9,13,17,17
쯊,U+CBCA,13,17,18
쯋,U+CBCB,13,17,19
쯌,U+CBCC,13,17,20
쯍,U+CBCD,13,17,21
쯎,U+CBCE,13,17,22
쯏,U+CBCF,13,17,23
쯐,U+CBD0,13,17,24
쯑,U+CBD1,13,17,25
쯒,U+CBD2,13,17,26
쯓,U+CBD3,13,17,27
쯔,U+CBD4,13,18,0
쯕,U+CBD5,13,18,1
쯖,U+CBD6,13,18,2
쯗,U+CBD7,13,18,3
쯘,U+CBD8,13,18,4
쯙,U+CBD9,13,18,5
쯚,U+CBDA,13,18,6
쯛,U+CBDB,13,18,7
쯜,U+CBDC,13,18,8
쯝,U+CBDD,13,18,9
쯞,U+CBDE,13,18,10
쯟,U+CBDF,13,18,11
쯠,U+CBE0,13,18,12
쯡,U+CBE1,13,18,13
쯢,U+CBE2,13,18,14
쯣,U+CBE3,13,18,15
쯤,U+CBE4,13,18,16
쯥,U+CBE5,13,18,17
쯦,U+CBE6,13,18,18
쯧,U+CBE7,13,18,19
쯨,U+CBE8,13,18,20
쯩,U+CBE9,13,18,21
쯪,U+CBEA,13,18,22
쯫,U+CBEB,13,18,23
쯬,U+CBEC,13,18,24
쯭,U+CBED,13,18,25
쯮,U+CBEE,13,18,26
쯯,U+CBEF,13,18,27
쯰,U+CBF0,13,19,0
쯱,U+CBF1,13,19,1
쯲,U+CBF2,13,19,2
쯳,U+CBF3,13,19,3
쯴,U+CBF4,13,19,4
쯵,U+CBF5,13,19,5
쯶,U+CBF6,13,19,6
쯷,U+CBF7,13,19,7
쯸,U+CBF8,13,19,8
쯹,U+CBF9,13,19,9
쯺,U+CBFA,13,19,10
쯻,U+CBFB,13,19,11
쯼,U+CBFC,13,19,12
쯽,U+CBFD,13,19,13
쯾,U+CBFE,13,19,14
쯿,U+CBFF,13,19,15
찀,U+CC00,13,19,16
찁,U+CC01,13,19,17
찂,U+CC02,13,19,18
찃,U+CC03,13,19,19
찄,U+CC04,13,19,20
찅,U+CC05,13,19,21
찆,U+CC06,13,19,22
찇,U+CC07,13,19,23
찈,U+CC08,13,19,24
찉,U+CC09,13,19,25
찊,U+CC0A,13,19,26
찋,U+CC0B,13,19,27
찌,U+CC0C,13,20,0
찍,U+CC0D,13,20,1
찎,U+CC0E,13,20,2
찏,U+CC0F,13,20,3
찐,U+CC10,13,20,4
찑,U+CC11,13,20,5
찒,U+CC12,13,20,6
찓,U+CC13,13,20,7
찔,U+CC14,13,20,8
찕,U+CC15,13,20,9
찖,U+CC16,13,20,10
찗,U+CC17,13,20,11
찘,U+CC18,13,20,12
찙,U+CC19,13,20,13
찚,U+CC1A,13,20,14
찛,U+CC1B,13,20,15
찜,U+CC1C,13,20,16
찝,U+CC1D,13,20,17
찞,U+CC1E,13,20,18
찟,U+CC1F,13,20,19
찠,U+CC20,13,20,20
찡,U+CC21,13,20,21
찢,U+CC22,13,20,22
찣,U+CC23,13,20,23
찤,U+CC24,13,20,24
찥,U+CC25,13,20,25
찦,U+CC26,13,20,26
찧,U+CC27,13,20,27
차,U+CC28,14,0,0
착,U+CC29,14,0,1
찪,U+CC2A,14,0,2
찫,U+CC2B,14,0,3
찬,U+CC2C,14,0,4
찭,U+CC2D,14,0,5
찮,U+CC2E,14,0,6
찯,U+CC2F,14,0,7
찰,U+CC30,14,0,8
찱,U+CC31,14,0,9
찲,U+CC32,14,0,10
찳,U+CC33,14,0,11
찴,U+CC34,14,0,12
찵,U+CC35,14,0,13
찶,U+CC36,14,0,14
찷,U+CC37,14,0,15
참,U+CC38,14,0,16
찹,U+CC39,14,0,17
찺,U+CC3A,14,0,18
찻,U+CC3B,14,0,19
찼,U+CC3C,14,0,20
창,U+CC3D,14,0,21
찾,U+CC3E,14,0,22
찿,U+CC3F,14,0,23
챀,U+CC40,14,0,24
챁,U+CC41,14,0,25
챂,U+CC42,14,0,26
챃,U+CC43,14,0,27
채,U+CC44,14,1,0
책,U+CC45,14,1,1
챆,U+CC46,14,1,2
챇,U+CC47,14,1,3
챈,U+CC48,14,1,4
챉,U+CC49,14,1,5
챊,U+CC4A,14,1,6
챋,U+CC4B,14,1,7
챌,U+CC4C,14,1,8
챍,U+CC4D,14,1,9
챎,U+CC4E,14,1,10
챏,U+CC4F,14,1,11
챐,U+CC50,14,1,12
챑,U+CC51,14,1,13
챒,U+CC52,14,1,14
챓,U+CC53,14,1,15
챔,U+CC54,14,1,16
챕,U+CC55,14,1,17
챖,U+CC56,14,1,18
챗,U+CC57,14,1,19
챘,U+CC58,14,1,20
챙,U+CC59,14,1,21
챚,U+CC5A,14,1,22
챛,U+CC5B,14,1,23
챜,U+CC5C,14,1,24
챝,U+CC5D,14,1,25
챞,U+CC5E,14,1,26
챟,U+CC5F,14,1,27
챠,U+CC60,14,2,0
챡,U+CC61,14,2,1
챢,U+CC62,14,2,2
챣,U+CC63,14,2,3
챤,U+CC64,14,2,4
챥,U+CC65,14,2,5
챦,U+CC66,14,2,6
챧,U+CC67,14,2,7
챨,U+CC68,14,2,8
챩,U+CC69,14,2,9
챪,U+CC6A,14,2,10
챫,U+CC6B,14,2,11
챬,U+CC6C,14,2,12
챭,U+CC6D,14,2,13
챮,U+CC6E,14,2,14
챯,U+CC6F,14,2,15
챰,U+CC70,14,2,16
챱,U+CC71,14,2,17
챲,U+CC72,14,2,18
챳,U+CC73,14,2,19
챴,U+CC74,14,2,20
챵,U+CC75,14,2,21
챶,U+CC76,14,2,22
챷,U+CC77,14,2,23
챸,U+CC78,14,2,24
챹,U+CC79,14,2,25
챺,U+CC7A,14,2,26
챻,U+CC7B,14,2,27
챼,U+CC7C,14,3,0
챽,U+CC7D,14,3,1
챾,U+CC7E,14,3,2
챿,U+CC7F,14,3,3
첀,U+CC80,14,3,4
첁,U+CC81,14,3,5
첂,U+CC82,14,3,6
첃,U+CC83,14,3,7
첄,U+CC84,14,3,8
첅,U+CC85,14,3,9
첆,U+CC86,14,3,10
첇,U+CC87,14,3,11
첈,U+CC88,14,3,12
첉,U+CC89,14,3,13
첊,U+CC8A,14,3,14
첋,U+CC8B,14,3,15
첌,U+CC8C,14,3,16
첍,U+CC8D,14,3,17
첎,U+CC8E,14,3,18
첏,U+CC8F,14,3,19
첐,U+CC90,14,3,20
첑,U+CC91,14,3,21
첒,U+CC92,14,3,22
첓,U+CC93,14,3,23
첔,U+CC94,14,3,24
첕,U+CC95,14,3,25
첖,U+CC96,14,3,26
첗,U+CC97,14,3,27
처,U+CC98,14,4,0
척,U+CC99,14,4,1
첚,U+CC9A,14,4,2
첛,U+CC9B,14,4,3
천,U+CC9C,14,4,4
첝,U+CC9D,14,4,5
첞,U+CC9E,14,4,6
첟,U+CC9F,14,4,7
철,U+CCA0,14,4,8
첡,U+CCA1,14,4,9
첢,U+CCA2,14,4,10
첣,U+CCA3,14,4,11
첤,U+CCA4,14,4,12
첥,U+CCA5,14,4,13
첦,U+CCA6,14,4,14
첧,U+CCA7,14,4,15
첨,U+CCA8,14,4,16
첩,U+CCA9,14,4,17
첪,U+CCAA,14,4,18
첫,U+CCAB,14,4,19
첬,U+CCAC,14,4,20
청,U+CCAD,14,4,21
첮,U+CCAE,14,4,22
첯,U+CCAF,14,4,23
첰,U+CCB0,14,4,24
첱,U+CCB1,14,4,25
첲,U+CCB2,14,4,26
첳,U+CCB3,14,4,27
체,U+CCB4,14,5,0
첵,U+CCB5,14,5,1
첶,U+CCB6,14,5,2
첷,U+CCB7,14,5,3
첸,U+CCB8,14,5,4
첹,U+CCB9,14,5,5
첺,U+CCBA,14,5,6
첻,U+CCBB,14,5,7
첼,U+CCBC,14,5,8
첽,U+CCBD,14,5,9
첾,U+CCBE,14,5,10
첿,U+CCBF,14,5,11
쳀,U+CCC0,14,5,12
쳁,U+CCC1,14,5,13
쳂,U+CCC2,14,5,14
쳃,U+CCC3,14,5,15
쳄,U+CCC4,14,5,16
쳅,U+CCC5,14,5,17
쳆,U+CCC6,14,5,18
쳇,U+CCC7,14,5,19
쳈,U+CCC8,14,5,20
쳉,U+CCC9,14,5,21
쳊,U+CCCA,14,5,22
쳋,U+CCCB,14,5,23
쳌,U+CCCC,14,5,24
쳍,U+CCCD,14,5,25
쳎,U+CCCE,14,5,26
쳏,U+CCCF,14,5,27
쳐,U+CCD0,14,6,0
쳑,U+CCD1,14,6,1
쳒,U+CCD2,14,6,2
쳓,U+CCD3,14,6,3
쳔,U+CCD4,14,6,4
쳕,U+CCD5,14,6,5
쳖,U+CCD6,14,6,6
쳗,U+CCD7,14,6,7
쳘,U+CCD8,14,6,8
쳙,U+CCD9,14,6,9
쳚,U+CCDA,14,6,10
쳛,U+CCDB,14,6,11
쳜,U+CCDC,14,6,12
쳝,U+CCDD,14,6,13
쳞,U+CCDE,14,6,14
쳟,U+CCDF,14,6,15
쳠,U+CCE0,14,6,16
쳡,U+CCE1,14,6,17
쳢,U+CCE2,14,6,18
쳣,U+CCE3,14,6,19
쳤,U+CCE4,14,6,20
쳥,U+CCE5,14,6,21
쳦,U+CCE6,14,6,22
쳧,U+CCE7,14,6,23
쳨,U+CCE8,14,6,24
쳩,U+CCE9,14,6,25
쳪,U+CCEA,14,6,26
쳫,U+CCEB,14,6,27
쳬,U+CCEC,14,7,0
쳭,U+CCED,14,7,1
쳮,U+CCEE,14,7,2
쳯,U+CCEF,14,7,3
쳰,U+CCF0,14,7,4
쳱,U+CCF1,14,7,5
쳲,U+CCF2,14,7,6
쳳,U+CCF3,14,7,7
쳴,U+CCF4,14,7,8
쳵,U+CCF5,14,7,9
쳶,U+CCF6,14,7,10
쳷,U+CCF7,14,7,11
쳸,U+CCF8,14,7,12
쳹,U+CCF9,14,7,13
쳺,U+CCFA,14,7,14
쳻,U+CCFB,14,7,15
쳼,U+CCFC,14,7,16
쳽,U+CCFD,14,7,17
쳾,U+CCFE,14,7,18
쳿,U+CCFF,14,7,19
촀,U+CD00,14,7,20
촁,U+CD01,14,7,21
촂,U+CD02,14,7,22
촃,U+CD03,14,7,23
촄,U+CD04,14,7,24
촅,U+CD05,14,7,25
촆,U+CD06,14,7,26
촇,U+CD07,14,7,27
초,U+CD08,14,8,0
촉,U+CD09,14,8,1
촊,U+CD0A,14,8,2
촋,U+CD0B,14,8,3
촌,U+CD0C,14,8,4
촍,U+CD0D,14,8,5
촎,U+CD0E,14,8,6
촏,U+CD0F,14,8,7
촐,U+CD10,14,8,8
촑,U+CD11,14,8,9
촒,U+CD12,14,8,10
촓,U+CD13,14,8,11
촔,U+CD14,14,8,12
촕,U+CD15,14,8,13
촖,U+CD16,14,8,14
촗,U+CD17,14,8,15
촘,U+CD18,14,8,16
촙,U+CD19,14,8,17
촚,U+CD1A,14,8,18
촛,U+CD1B,14,8,19
촜,U+CD1C,14,8,20
총,U+CD1D,14,8,21
촞,U+CD1E,14,8,22
촟,U+CD1F,14,8,23
촠,U+CD20,14,8,24
촡,U+CD21,14,8,25
촢,U+CD22,14,8,26
촣,U+CD23,14,8,27
촤,U+CD24,14,9,0
촥,U+CD25,14,9,1
촦,U+CD26,14,9,2
촧,U+CD27,14,9,3
촨,U+CD28,14,9,4
촩,U+CD29,14,9,5
촪,U+CD2A,14,9,6
촫,U+CD2B,14,9,7
촬,U+CD2C,14,9,8
촭,U+CD2D,14,9,9
촮,U+CD2E,14,9,10
촯,U+CD2F,14,9,11
촰,U+CD30,14,9,12
촱,U+CD31,14,9,13
촲,U+CD32,14,9,14
촳,U+CD33,14,9,15
촴,U+CD34,14,9,16
촵,U+CD35,14,9,17
촶,U+CD36,14,9,18
촷,U+CD37,14,9,19
촸,U+CD38,14,9,20
촹,U+CD39,14,9,21
촺,U+CD3A,14,9,22
촻,U+CD3B,14,9,23
촼,U+CD3C,14,9,24
촽,U+CD3D,14,9,25
촾,U+CD3E,14,9,26
촿,U+CD3F,14,9,27
쵀,U+CD40,14,10,0
쵁,U+CD41,14,10,1
쵂,U+CD42,14,10,2
쵃,U+CD43,14,10,3
쵄,U+CD44,14,10,4
쵅,U+CD45,14,10,5
쵆,U+CD46,14,10,6
쵇,U+CD47,14,10,7
쵈,U+CD48,14,10,8
쵉,U+CD49,14,10,9
쵊,U+CD4A,14,10,10
쵋,U+CD4B,14,10,11
쵌,U+CD4C,14,10,12
쵍,U+CD4D,14,10,13
쵎,U+CD4E,14,10,14
쵏,U+CD4F,14,10,15
쵐,U+CD50,14,10,16
쵑,U+CD51,14,10,17
쵒,U+CD52,14,10,18
쵓,U+CD53,14,10,19
쵔,U+CD54,14,10,20
쵕,U+CD55,14,10,21
쵖,U+CD56,14,10,22
쵗,U+CD57,14,10,23
쵘,U+CD58,14,10,24
쵙,U+CD59,14,10,25
쵚,U+CD5A,14,10,26
쵛,U+CD5B,14,10,27
최,U+CD5C,14,11,0
쵝,U+CD5D,14,11,1
쵞,U+CD5E,14,11,2
쵟,U+CD5F,14,11,3
쵠,U+CD60,14,11,4
쵡,U+CD61,14,11,5
쵢,U+CD62,14,11,6
쵣,U+CD63,14,11,7
쵤,U+CD64,14,11,8
쵥,U+CD65,14,11,9
쵦,U+CD66,14,11,10
쵧,U+CD67,14,11,11
쵨,U+CD68,14,11,12
쵩,U+CD69,14,11,13
쵪,U+CD6A,14,11,14
쵫,U+CD6B,14,11,15
쵬,U+CD6C,14,11,16
쵭,U+CD6D,14,11,17
쵮,U+CD6E,14,11,18
쵯,U+CD6F,14,11,19
쵰,U+CD70,14,11,20
쵱,U+CD71,14,11,21
쵲,U+CD72,14,11,22
쵳,U+CD73,14,11,23
쵴,U+CD74,14,11,24
쵵,U+CD75,14,11,25
쵶,U+CD76,14,11,26
쵷,U+CD77,14,11,27
쵸,U+CD78,14,12,0
쵹,U+CD79,14,12,1
쵺,U+CD7A,14,12,2
쵻,U+CD7B,14,12,3
쵼,U+CD7C,14,12,4
쵽,U+CD7D,14,12,5
쵾,U+CD7E,14,12,6
쵿,U+CD7F,14,12,7
춀,U+CD80,14,12,8
춁,U+CD81,14,12,9
춂,U+CD82,14,12,10
춃,U+CD83,14,12,11
춄,U+CD84,14,12,12
춅,U+CD85,14,12,13
춆,U+CD86,14,12,14
춇,U+CD87,14,12,15
춈,U+CD88,14,12,16
춉,U+CD89,14,12,17
춊,U+CD8A,14,12,18
춋,U+CD8B,14,12,19
춌,U+CD8C,14,12,20
춍,U+CD8D,14,12,21
춎,U+CD8E,14,12,22
춏,U+CD8F,14,12,23
춐,U+CD90,14,12,24
춑,U+CD91,14,12,25
춒,U+CD92,14,12,26
춓,U+CD93,14,12,27
추,U+CD94,14,13,0
축,U+CD95,14,13,1
춖,U+CD96,14,13,2
춗,U+CD97,14,13,3
춘,U+CD98,14,13,4
춙,U+CD99,14,13,5
춚,U+CD9A,14,13,6
춛,U+CD9B,14,13,7
출,U+CD9C,14,13,8
춝,U+CD9D,14,13,9
춞,U+CD9E,14,13,10
춟,U+CD9F,14,13,11
춠,U+CDA0,14,13,12
춡,U+CDA1,14,13,13
춢,U+CDA2,14,13,14
춣,U+CDA3,14,13,15
춤,U+CDA4,14,13,16
춥,U+CDA5,14,13,17
춦,U+CDA6,14,13,18
춧,U+CDA7,14,13,19
춨,U+CDA8,14,13,20
충,U+CDA9,14,13,21
춪,U+CDAA,14,13,22
춫,U+CDAB,14,13,23
춬,U+CDAC,14,13,24
춭,U+CDAD,14,13,25
춮,U+CDAE,14,13,26
춯,U+CDAF,14,13,27
춰,U+CDB0,14,14,0
춱,U+CDB1,14,14,1
춲,U+CDB2,14,14,2
춳,U+CDB3,14,14,3
춴,U+CDB4,14,14,4
춵,U+CDB5,14,14,5
춶,U+CDB6,14,14,6
춷,U+CDB7,14,14,7
춸,U+CDB8,14,14,8
춹,U+CDB9,14,14,9
춺,U+CDBA,14,14,10
춻,U+CDBB,14,14,11
춼,U+CDBC,14,14,12
춽,U+CDBD,14,14,13
춾,U+CDBE,14,14,14
춿,U+CDBF,14,14,15
췀,U+CDC0,14,14,16
췁,U+CDC1,14,14,17
췂,U+CDC2,14,14,18
췃,U+CDC3,14,14,19
췄,U+CDC4,14,14,20
췅,U+CDC5,14,14,21
췆,U+CDC6,14,14,22
췇,U+CDC7,14,14,23
췈,U+CDC8,14,14,24
췉,U+CDC9,14,14,25
췊,U+CDCA,14,14,26
췋,U+CDCB,14,14,27
췌,U+CDCC,14,15,0
췍,U+CDCD,14,15,1
췎,U+CDCE,14,15,2
췏,U+CDCF,14,15,3
췐,U+CDD0,14,15,4
췑,U+CDD1,14,15,5
췒,U+CDD2,14,15,6
췓,U+CDD3,14,15,7
췔,U+CDD4,14,15,8
췕,U+CDD5,14,15,9
췖,U+CDD6,14,15,10
췗,U+CDD7,14,15,11
췘,U+CDD8,14,15,12
췙,U+CDD9,14,15,13
췚,U+CDDA,14,15,14
췛,U+CDDB,14,15,15
췜,U+CDDC,14,15,16
췝,U+CDDD,14,15,17
췞,U+CDDE,14,15,18
췟,U+CDDF,14,15,19
췠,U+CDE0,14,15,20
췡,U+CDE1,14,15,21
췢,U+CDE2,14,15,22
췣,U+CDE3,14,15,23
췤,U+CDE4,14,15,24
췥,U+CDE5,14,15,25
췦,U+CDE6,14,15,26
췧,U+CDE7,14,15,27
취,U+CDE8,14,16,0
췩,U+CDE9,14,16,1
췪,U+CDEA,14,16,2
췫,U+CDEB,14,16,3
췬,U+CDEC,14,16,4
췭,U+CDED,14,16,5
췮,U+CDEE,14,16,6
췯,U+CDEF,14,16,7
췰,U+CDF0,14,16,8
췱,U+CDF1,14,16,9
췲,U+CDF2,14,16,10
췳,U+CDF3,14,16,11
췴,U+CDF4,14,16,12
췵,U+CDF5,14,16,13
췶,U+CDF6,14,16,14
췷,U+CDF7,14,16,15
췸,U+CDF8,14,16,16
췹,U+CDF9,14,16,17
췺,U+CDFA,14,16,18
췻,U+CDFB,14,16,19
췼,U+CDFC,14,16,20
췽,U+CDFD,14,16,21
췾,U+CDFE,14,16,22
췿,U+CDFF,14,16,23
츀,U+CE00,14,16,24
츁,U+CE01,14,16,25
츂,U+CE02,14,16,26
츃,U+CE03,14,16,27
츄,U+CE04,14,17,0
츅,U+CE05,14,17,1
츆,U+CE06,14,17,2
츇,U+CE07,14,17,3
츈,U+CE08,14,17,4
츉,U+CE09,14,17,5
츊,U+CE0A,14,17,6
츋,U+CE0B,14,17,7
츌,U+CE0C,14,17,8
츍,U+CE0D,14,17,9
츎,U+CE0E,14,17,10
츏,U+CE0F,14,17,11
츐,U+CE10,14,17,12
츑,U+CE11,14,17,13
츒,U+CE12,14,17,14
츓,U+CE13,14,17,15
츔,U+CE14,14,17,16
츕,U+CE15,14,17,17
츖,U+CE16,14,17,18
츗,U+CE17,14,17,19
츘,U+CE18,14,17,20
츙,U+CE19,14,17,21
츚,U+CE1A,14,17,22
츛,U+CE1B,14,17,23
츜,U+CE1C,14,17,24
츝,U+CE1D,14,17,25
츞,U+CE1E,14,17,26
츟,U+CE1F,14,17,27
츠,U+CE20,14,18,0
측,U+CE21,14,18,1
츢,U+CE22,14,18,2
츣,U+CE23,14,18,3
츤,U+CE24,14,18,4
츥,U+CE25,14,18,5
츦,U+CE26,14,18,6
츧,U+CE27,14,18,7
츨,U+CE28,14,18,8
츩,U+CE29,14,18,9
츪,U+CE2A,14,18,10
츫,U+CE2B,14,18,11
츬,U+CE2C,14,18,12
츭,U+CE2D,14,18,13
츮,U+CE2E,14,18,14
츯,U+CE2F,14,18,15
츰,U+CE30,14,18,16
츱,U+CE31,14,18,17
츲,U+CE32,14,18,18
츳,U+CE33,14,18,19
츴,U+CE34,14,18,20
층,U+CE35,14,18,21
츶,U+CE36,14,18,22
츷,U+CE37,14,18,23
츸,U+CE38,14,18,24
츹,U+CE39,14,18,25
츺,U+CE3A,14,18,26
츻,U+CE3B,14,18,27
츼,U+CE3C,14,19,0
츽,U+CE3D,14,19,1
츾,U+CE3E,14,19,2
츿,U+CE3F,14,19,3
칀,U+CE40,14,19,4
칁,U+CE41,14,19,5
칂,U+CE42,14,19,6
칃,U+CE43,14,19,7
칄,U+CE44,14,19,8
칅,U+CE45,14,19,9
칆,U+CE46,14,19,10
칇,U+CE47,14,19,11
칈,U+CE48,14,19,12
칉,U+CE49,14,19,13
칊,U+CE4A,14,19,14
칋,U+CE4B,14,19,15
칌,U+CE4C,14,19,16
칍,U+CE4D,14,19,17
칎,U+CE4E,14,19,18
칏,U+CE4F,14,19,19
칐,U+CE50,14,19,20
칑,U+CE51,14,19,21
칒,U+CE52,14,19,22
칓,U+CE53,14,19,23
칔,U+CE54,14,19,24
칕,U+CE55,14,19,25
칖,U+CE56,14,19,26
칗,U+CE57,14,19,27
치,U+CE58,14,20,0
칙,U+CE59,14,20,1
칚,U+CE5A,14,20,2
칛,U+CE5B,14,20,3
친,U+CE5C,14,20,4
칝,U+CE5D,14,20,5
칞,U+CE5E,14,20,6
칟,U+CE5F,14,20,7
칠,U+CE60,14,20,8
칡,U+CE61,14,20,9
칢,U+CE62,14,20,10
칣,U+CE63,14,20,11
칤,U+CE64,14,20,12
칥,U+CE65,14,20,13
칦,U+CE66,14,20,14
칧,U+CE67,14,20,15
침,U+CE68,14,20,16
칩,U+CE69,14,20,17
칪,U+CE6A,14,20,18
칫,U+CE6B,14,20,19
칬,U+CE6C,14,20,20
칭,U+CE6D,14,20,21
칮,U+CE6E,14,20,22
칯,U+CE6F,14,20,23
칰,U+CE70,14,20,24
칱,U+CE71,14,20,25
칲,U+CE72,14,20,26
칳,U+CE73,14,20,27
카,U+CE74,15,0,0
칵,U+CE75,15,0,1
칶,U+CE76,15,0,2
칷,U+CE77,15,0,3
칸,U+CE78,15,0,4
칹,U+CE79,15,0,5
칺,U+CE7A,15,0,6
칻,U+CE7B,15,0,7
칼,U+CE7C,15,0,8
칽,U+CE7D,15,0,9
칾,U+CE7E,15,0,10
칿,U+CE7F,15,0,11
캀,U+CE80,15,0,12
캁,U+CE81,15,0,13
캂,U+CE82,15,0,14
캃,U+CE83,15,0,15
캄,U+CE84,15,0,16
캅,U+CE85,15,0,17
캆,U+CE86,15,0,18
캇,U+CE87,15,0,19
캈,U+CE88,15,0,20
캉,U+CE89,15,0,21
캊,U+CE8A,15,0,22
캋,U+CE8B,15,0,23
캌,U+CE8C,15,0,24
캍,U+CE8D,15,0,25
캎,U+CE8E,15,0,26
캏,U+CE8F,15,0,27
캐,U+CE90,15,1,0
캑,U+CE91,15,1,1
캒,U+CE92,15,1,2
캓,U+CE93,15,1,3
캔,U+CE94,15,1,4
캕,U+CE95,15,1,5
캖,U+CE96,15,1,6
캗,U+CE97,15,1,7
캘,U+CE98,15,1,8
캙,U+CE99,15,1,9
캚,U+CE9A,15,1,10
캛,U+CE9B,15,1,11
캜,U+CE9C,15,1,12
캝,U+CE9D,15,1,13
캞,U+CE9E,15,1,14
캟,U+CE9F,15,1,15
캠,U+CEA0,15,1,16
캡,U+CEA1,15,1,17
캢,U+CEA2,15,1,18
캣,U+CEA3,15,1,19
캤,U+CEA4,15,1,20
캥,U+CEA5,15,1,21
캦,U+CEA6,15,1,22
캧,U+CEA7,15,1,23
캨,U+CEA8,15,1,24
캩,U+CEA9,15,1,25
캪,U+CEAA,15,1,26
캫,U+CEAB,15,1,27
캬,U+CEAC,15,2,0
캭,U+CEAD,15,2,1
캮,U+CEAE,15,2,2
캯,U+CEAF,15,2,3
캰,U+CEB0,15,2,4
캱,U+CEB1,15,2,5
캲,U+CEB2,15,2,6
캳,U+CEB3,15,2,7
캴,U+CEB4,15,2,8
캵,U+CEB5,15,2,9
캶,U+CEB6,15,2,10
캷,U+CEB7,15,2,11
캸,U+CEB8,15,2,12
캹,U+CEB9,15,2,13
캺,U+CEBA,15,2,14
캻,U+CEBB,15,2,15
캼,U+CEBC,15,2,16
캽,U+CEBD,15,2,17
캾,U+CEBE,15,2,18
캿,U+CEBF,15,2,19
컀,U+CEC0,15,2,20
컁,U+CEC1,15,2,21
컂,U+CEC2,15,2,22
컃,U+CEC3,15,2,23
컄,U+CEC4,15,2,24
컅,U+CEC5,15,2,25
컆,U+CEC6,15,2,26
컇,U+CEC7,15,2,27
컈,U+CEC8,15,3,0
컉,U+CEC9,15,3,1
컊,U+CECA,15,3,2
컋,U+CECB,15,3,3
컌,U+CECC,15,3,4
컍,U+CECD,15,3,5
컎,U+CECE,15,3,6
컏,U+CECF,15,3,7
컐,U+CED0,15,3,8
컑,U+CED1,15,3,9
컒,U+CED2,15,3,10
컓,U+CED3,15,3,11
컔,U+CED4,15,3,12
컕,U+CED5,15,3,13
컖,U+CED6,15,3,14
컗,U+CED7,15,3,15
컘,U+CED8,15,3,16
컙,U+CED9,15,3,17
컚,U+CEDA,15,3,18
컛,U+CEDB,15,3,19
컜,U+CEDC,15,3,20
컝,U+CEDD,15,3,21
컞,U+CEDE,15,3,22
컟,U+CEDF,15,3,23
컠,U+CEE0,15,3,24
컡,U+CEE1,15,3,25
컢,U+CEE2,15,3,26
컣,U+CEE3,15,3,27
커,U+CEE4,15,4,0
컥,U+CEE5,15,4,1
컦,U+CEE6,15,4,2
컧,U+CEE7,15,4,3
컨,U+CEE8,15,4,4
컩,U+CEE9,15,4,5
컪,U+CEEA,15,4,6
컫,U+CEEB,15,4,7
컬,U+CEEC,15,4,8
컭,U+CEED,15,4,9
컮,U+CEEE,15,4,10
컯,U+CEEF,15,4,11
컰,U+CEF0,15,4,12
컱,U+CEF1,15,4,13
컲,U+CEF2,15,4,14
컳,U+CEF3,15,4,15
컴,U+CEF4,15,4,16
컵,U+CEF5,15,4,17
컶,U+CEF6,15,4,18
컷,U+CEF7,15,4,19
컸,U+CEF8,15,4,20
컹,U+CEF9,15,4,21
컺,U+CEFA,15,4,22
컻,U+CEFB,15,4,23
컼,U+CEFC,15,4,24
컽,U+CEFD,15,4,25
컾,U+CEFE,15,4,26
컿,U+CEFF,15,4,27
케,U+CF00,15,5,0
켁,U+CF01,15,5,1
켂,U+CF02,15,5,2
켃,U+CF03,15,5,3
켄,U+CF04,15,5,4
켅,U+CF05,15,5,5
켆,U+CF06,15,5,6
켇,U+CF07,15,5,7
켈,U+CF08,15,5,8
켉,U+CF09,15,5,9
켊,U+CF0A,15,5,10
켋,U+CF0B,15,5,11
켌,U+CF0C,15,5,12
켍,U+CF0D,15,5,13
켎,U+CF0E,15,5,14
켏,U+CF0F,15,5,15
켐,U+CF10,15,5,16
켑,U+CF11,15,5,17
켒,U+CF12,15,5,18
켓,U+CF13,15,5,19
켔,U+CF14,15,5,20
켕,U+CF15,15,5,21
켖,U+CF16,15,5,22
켗,U+CF17,15,5,23
켘,U+CF18,15,5,24
켙,U+CF19,15,5,25
켚,U+CF1A,15,5,26
켛,U+CF1B,15,5,27
켜,U+CF1C,15,6,0
켝,U+CF1D,15,6,1
켞,U+CF1E,15,6,2
켟,U+CF1F,15,6,3
켠,U+CF20,15,6,4
켡,U+CF21,15,6,5
켢,U+CF22,15,6,6
켣,U+CF23,15,6,7
켤,U+CF24,15,6,8
켥,U+CF25,15,6,9
켦,U+CF26,15,6,10
켧,U+CF27,15,6,11
켨,U+CF28,15,6,12
켩,U+CF29,15,6,13
켪,U+CF2A,15,6,14
켫,U+CF2B,15,6,15
켬,U+CF2C,15,6,16
켭,U+CF2D,15,6,17
켮,U+CF2E,15,6,18
켯,U+CF2F,15,6,19
켰,U+CF30,15,6,20
켱,U+CF31,15,6,21
켲,U+CF32,15,6,22
켳,U+CF33,15,6,23
켴,U+CF34,15,6,24
켵,U+CF35,15,6,25
켶,U+CF36,15,6,26
켷,U+CF37,15,6,27
켸,U+CF38,15,7,0
켹,U+CF39,15,7,1
켺,U+CF3A,15,7,2
켻,U+CF3B,15,7,3
켼,U+CF3C,15,7,4
켽,U+CF3D,15,7,5
켾,U+CF3E,15,7,6
켿,U+CF3F,15,7,7
콀,U+CF40,15,7,8
콁,U+CF41,15,7,9
콂,U+CF42,15,7,10
콃,U+CF43,15,7,11
콄,U+CF44,15,7,12
콅,U+CF45,15,7,13
콆,U+CF46,15,7,14
콇,U+CF47,15,7,15
콈,U+CF48,15,7,16
콉,U+CF49,15,7,17
콊,U+CF4A,15,7,18
콋,U+CF4B,15,7,19
콌,U+CF4C,15,7,20
콍,U+CF4D,15,7,21
콎,U+CF4E,15,7,22
콏,U+CF4F,15,7,23
콐,U+CF50,15,7,24
콑,U+CF51,15,7,25
콒,U+CF52,15,7,26
콓,U+CF53,15,7,27
코,U+CF54,15,8,0
콕,U+CF55,15,8,1
콖,U+CF56,15,8,2
콗,U+CF57,15,8,3
콘,U+CF58,15,8,4
콙,U+CF59,15,8,5
콚,U+CF5A,15,8,6
콛,U+CF5B,15,8,7
콜,U+CF5C,15,8,8
콝,U+CF5D,15,8,9
콞,U+CF5E,15,8,10
콟,U+CF5F,15,8,11
콠,U+CF60,15,8,12
콡,U+CF61,15,8,13
콢,U+CF62,15,8,14
콣,U+CF63,15,8,15
콤,U+CF64,15,8,16
콥,U+CF65,15,8,17
콦,U+CF66,15,8,18
콧,U+CF67,15,8,19
콨,U+CF68,15,8,20
콩,U+CF69,15,8,21
콪,U+CF6A,15,8,22
콫,U+CF6B,15,8,23
콬,U+CF6C,15,8,24
콭,U+CF6D,15,8,25
콮,U+CF6E,15,8,26
콯,U+CF6F,15,8,27
콰,U+CF70,15,9,0
콱,U+CF71,15,9,1
콲,U+CF72,15,9,2
콳,U+CF73,15,9,3
콴,U+CF74,15,9,4
콵,U+CF75,15,9,5
콶,U+CF76,15,9,6
콷,U+CF77,15,9,7
콸,U+CF78,15,9,8
콹,U+CF79,15,9,9
콺,U+CF7A,15,9,10
콻,U+CF7B,15,9,11
콼,U+CF7C,15,9,12
콽,U+CF7D,15,9,13
콾,U+CF7E,15,9,14
콿,U+CF7F,15,9,15
쾀,U+CF80,15,9,16
쾁,U+CF81,15,9,17
쾂,U+CF82,15,9,18
쾃,U+CF83,15,9,19
쾄,U+CF84,15,9,20
쾅,U+CF85,15,9,21
쾆,U+CF86,15,9,22
쾇,U+CF87,15,9,23
쾈,U+CF88,15,9,24
쾉,U+CF89,15,9,25
쾊,U+CF8A,15,9,26
쾋,U+CF8B,15,9,27
쾌,U+CF8C,15,10,0
쾍,U+CF8D,15,10,1
쾎,U+CF8E,15,10,2
쾏,U+CF8F,15,10,3
쾐,U+CF90,15,10,4
쾑,U+CF91,15,10,5
쾒,U+CF92,15,10,6
쾓,U+CF93,15,10,7
쾔,U+CF94,15,10,8
쾕,U+CF95,15,10,9
쾖,U+CF96,15,10,10
쾗,U+CF97,15,10,11
쾘,U+CF98,15,10,12
쾙,U+CF99,15,10,13
쾚,U+CF9A,15,10,14
쾛,U+CF9B,15,10,15
쾜,U+CF9C,15,10,16
쾝,U+CF9D,15,10,17
쾞,U+CF9E,15,10,18
쾟,U+CF9F,15,10,19
쾠,U+CFA0,15,10,20
쾡,U+CFA1,15,10,21
쾢,U+CFA2,15,10,22
쾣,U+CFA3,15,10,23
쾤,U+CFA4,15,10,24
쾥,U+CFA5,15,10,25
쾦,U+CFA6,15,10,26
쾧,U+CFA7,15,10,27
쾨,U+CFA8,15,11,0
쾩,U+CFA9,15,11,1
쾪,U+CFAA,15,11,2
쾫,U+CFAB,15,11,3
쾬,U+CFAC,15,11,4
쾭,U+CFAD,15,11,5
쾮,U+CFAE,15,11,6
쾯,U+CFAF,15,11,7
쾰,U+CFB0,15,11,8
쾱,U+CFB1,15,11,9
쾲,U+CFB2,15,11,10
쾳,U+CFB3,15,11,11
쾴,U+CFB4,15,11,12
쾵,U+CFB5,15,11,13
쾶,U+CFB6,15,11,14
쾷,U+CFB7,15,11,15
쾸,U+CFB8,15,11,16
쾹,U+CFB9,15,11,17
쾺,U+CFBA,15,11,18
쾻,U+CFBB,15,11,19
쾼,U+CFBC,15,11,20
쾽,U+CFBD,15,11,21
쾾,U+CFBE,15,11,22
쾿,U+CFBF,15,11,23
쿀,U+CFC0,15,11,24
쿁,U+CFC1,15,11,25
쿂,U+CFC2,15,11,26
쿃,U+CFC3,15,11,27
쿄,U+CFC4,15,12,0
쿅,U+CFC5,15,12,1
쿆,U+CFC6,15,12,2
쿇,U+CFC7,15,12,3
쿈,U+CFC8,15,12,4
쿉,U+CFC9,15,12,5
쿊,U+CFCA,15,12,6
쿋,U+CFCB,15,12,7
쿌,U+CFCC,15,12,8
쿍,U+CFCD,15,12,9
쿎,U+CFCE,15,12,10
쿏,U+CFCF,15,12,11
쿐,U+CFD0,15,12,12
쿑,U+CFD1,15,12,13
쿒,U+CFD2,15,12,14
쿓,U+CFD3,15,12,15
쿔,U+CFD4,15,12,16
쿕,U+CFD5,15,12,17
쿖,U+CFD6,15,12,18
쿗,U+CFD7,15,12,19
쿘,U+CFD8,15,12,20
쿙,U+CFD9,15,12,21
쿚,U+CFDA,15,12,22
쿛,U+CFDB,15,12,23
쿜,U+CFDC,15,12,24
쿝,U+CFDD,15,12,25
쿞,U+CFDE,15,12,26
쿟,U+CFDF,15,12,27
쿠,U+CFE0,15,13,0
쿡,U+CFE1,15,13,1
쿢,U+CFE2,15,13,2
쿣,U+CFE3,15,13,3
쿤,U+CFE4,15,13,4
쿥,U+CFE5,15,13,5
쿦,U+CFE6,15,13,6
쿧,U+CFE7,15,13,7
쿨,U+CFE8,15,13,8
쿩,U+CFE9,15,13,9
쿪,U+CFEA,15,13,10
쿫,U+CFEB,15,13,11
쿬,U+CFEC,15,13,12
쿭,U+CFED,15,13,13
쿮,U+CFEE,15,13,14
쿯,U+CFEF,15,13,15
쿰,U+CFF0,15,13,16
쿱,U+CFF1,15,13,17
쿲,U+CFF2,15,13,18
쿳,U+CFF3,15,13,19
쿴,U+CFF4,15,13,20
쿵,U+CFF5,15,13,21
쿶,U+CFF6,15,13,22
쿷,U+CFF7,15,13,23
쿸,U+CFF8,15,13,24
쿹,U+CFF9,15,13,25
쿺,U+CFFA,15,13,26
쿻,U+CFFB,15,13,27
쿼,U+CFFC,15,14,0
쿽,U+CFFD,15,14,1
쿾,U+CFFE,15,14,2
쿿,U+CFFF,15,14,3
퀀,U+D000,15,14,4
퀁,U+D001,15,14,5
퀂,U+D002,15,14,6
퀃,U+D003,15,14,7
퀄,U+D004,15,14,8
퀅,U+D005,15,14,9
퀆,U+D006,15,14,10
퀇,U+D007,15,14,11
퀈,U+D008,15,14,12
퀉,U+D009,15,14,13
퀊,U+D00A,15,14,14
퀋,U+D00B,15,14,15
퀌,U+D00C,15,14,16
퀍,U+D00D,15,14,17
퀎,U+D00E,15,14,18
퀏,U+D00F,15,14,19
퀐,U+D010,15,14,20
퀑,U+D011,15,14,21
퀒,U+D012,15,14,22
퀓,U+D013,15,14,23
퀔,U+D014,15,14,24
퀕,U+D015,15,14,25
퀖,U+D016,15,14,26
퀗,U+D017,15,14,27
퀘,U+D018,15,15,0
퀙,U+D019,15,15,1
퀚,U+D01A,15,15,2
퀛,U+D01B,15,15,3
퀜,U+D01C,15,15,4
퀝,U+D01D,15,15,5
퀞,U+D01E,15,15,6
퀟,U+D01F,15,15,7
퀠,U+D020,15,15,8
퀡,U+D021,15,15,9
퀢,U+D022,15,15,10
퀣,U+D023,15,15,11
퀤,U+D024,15,15,12
퀥,U+D025,15,15,13
퀦,U+D026,15,15,14
퀧,U+D027,15,15,15
퀨,U+D028,15,15,16
퀩,U+D029,15,15,17
퀪,U+D02A,15,15,18
퀫,U+D02B,15,15,19
퀬,U+D02C,15,15,20
퀭,U+D02D,15,15,21
퀮,U+D02E,15,15,22
퀯,U+D02F,15,15,23
퀰,U+D030,15,15,24
퀱,U+D031,15,15,25
퀲,U+D032,15,15,26
퀳,U+D033,15,15,27
퀴,U+D034,15,16,0
퀵,U+D035,15,16,1
퀶,U+D036,15,16,2
퀷,U+D037,15,16,3
퀸,U+D038,15,16,4
퀹,U+D039,15,16,5
퀺,U+D03A,15,16,6
퀻,U+D03B,15,16,7
퀼,U+D03C,15,16,8
퀽,U+D03D,15,16,9
퀾,U+D03E,15,16,10
퀿,U+D03F,15,16,11
큀,U+D040,15,16,12
큁,U+D041,15,16,13
큂,U+D042,15,16,14
큃,U+D043,15,16,15
큄,U+D044,15,16,16
큅,U+D045,15,16,17
큆,U+D046,15,16,18
큇,U+D047,15,16,19
큈,U+D048,15,16,20
큉,U+D049,15,16,21
큊,U+D04A,15,16,22
큋,U+D04B,15,16,23
큌,U+D04C,15,16,24
큍,U+D04D,15,16,25
큎,U+D04E,15,16,26
큏,U+D04F,15,16,27
큐,U+D050,15,17,0
큑,U+D051,15,17,1
큒,U+D052,15,17,2
큓,U+D053,15,17,3
큔,U+D054,15,17,4
큕,U+D055,15,17,5
큖,U+D056,15,17,6
큗,U+D057,15,17,7
큘,U+D058,15,17,8
큙,U+D059,15,17,9
큚,U+D05A,15,17,10
큛,U+D05B,15,17,11
큜,U+D05C,15,17,12
큝,U+D05D,15,17,13
큞,U+D05E,15,17,14
큟,U+D05F,15,17,15
큠,U+D060,15,17,16
큡,U+D061,15,17,17
큢,U+D062,15,17,18
큣,U+D063,15,17,19
큤,U+D064,15,17,20
큥,U+D065,15,17,21
큦,U+D066,15,17,22
큧,U+D067,15,17,23
큨,U+D068,15,17,24
큩,U+D069,15,17,25
큪,U+D06A,15,17,26
큫,U+D06B,15,17,27
크,U+D06C,15,18,0
큭,U+D06D,15,18,1
큮,U+D06E,15,18,2
큯,U+D06F,15,18,3
큰,U+D070,15,18,4
큱,U+D071,15,18,5
큲,U+D072,15,18,6
큳,U+D073,15,18,7
클,U+D074,15,18,8
큵,U+D075,15,18,9
큶,U+D076,15,18,10
큷,U+D077,15,18,11
큸,U+D078,15,18,12
큹,U+D079,15,18,13
큺,U+D07A,15,18,14
큻,U+D07B,15,18,15
큼,U+D07C,15,18,16
큽,U+D07D,15,18,17
큾,U+D07E,15,18,18
큿,U+D07F,15,18,19
킀,U+D080,15,18,20
킁,U+D081,15,18,21
킂,U+D082,15,18,22
킃,U+D083,15,18,23
킄,U+D084,15,18,24
킅,U+D085,15,18,25
킆,U+D086,15,18,26
킇,U+D087,15,18,27
킈,U+D088,15,19,0
킉,U+D089,15,19,1
킊,U+D08A,15,19,2
킋,U+D08B,15,19,3
킌,U+D08C,15,19,4
킍,U+D08D,15,19,5
킎,U+D08E,15,19,6
킏,U+D08F,15,19,7
킐,U+D090,15,19,8
킑,U+D091,15,19,9
킒,U+D092,15,19,10
킓,U+D093,15,19,11
킔,U+D094,15,19,12
킕,U+D095,15,19,13
킖,U+D096,15,19,14
킗,U+D097,15,19,15
킘,U+D098,15,19,16
킙,U+D099,15,19,17
킚,U+D09A,15,19,18
킛,U+D09B,15,19,19
킜,U+D09C,15,19,20
킝,U+D09D,15,19,21
킞,U+D09E,15,19,22
킟,U+D09F,15,19,23
킠,U+D0A0,15,19,24
킡,U+D0A1,15,19,25
킢,U+D0A2,15,19,26
킣,U+D0A3,15,19,27
키,U+D0A4,15,20,0
킥,U+D0A5,15,20,1
킦,U+D0A6,15,20,2
킧,U+D0A7,15,20,3
킨,U+D0A8,15,20,4
킩,U+D0A9,15,20,5
킪,U+D0AA,15,20,6
킫,U+D0AB,15,20,7
킬,U+D0AC,15,20,8
킭,U+D0AD,15,20,9
킮,U+D0AE,15,20,10
킯,U+D0AF,15,20,11
킰,U+D0B0,15,20,12
킱,U+D0B1,15,20,13
킲,U+D0B2,15,20,14
킳,U+D0B3,15,20,15
킴,U+D0B4,15,20,16
킵,U+D0B5,15,20,17
킶,U+D0B6,15,20,18
킷,U+D0B7,15,20,19
킸,U+D0B8,15,20,20
킹,U+D0B9,15,20,21
킺,U+D0BA,15,20,22
킻,U+D0BB,15,20,23
킼,U+D0BC,15,20,24
킽,U+D0BD,15,20,25
킾,U+D0BE,15,20,26
킿,U+D0BF,15,20,27
타,U+D0C0,16,0,0
탁,U+D0C1,16,0,1
탂,U+D0C2,16,0,2
탃,U+D0C3,16,0,3
탄,U+D0C4,16,0,4
탅,U+D0C5,16,0,5
탆,U+D0C6,16,0,6
탇,U+D0C7,16,0,7
탈,U+D0C8,16,0,8
탉,U+D0C9,16,0,9
탊,U+D0CA,16,0,10
탋,U+D0CB,16,0,11
탌,U+D0CC,16,0,12
탍,U+D0CD,16,0,13
탎,U+D0CE,16,0,14
탏,U+D0CF,16,0,15
탐,U+D0D0,16,0,16
탑,U+D0D1,16,0,17
탒,U+D0D2,16,0,18
탓,U+D0D3,16,0,19
탔,U+D0D4,16,0,20
탕,U+D0D5,16,0,21
탖,U+D0D6,16,0,22
탗,U+D0D7,16,0,23
탘,U+D0D8,16,0,24
탙,U+D0D9,16,0,25
탚,U+D0DA,16,0,26
탛,U+D0DB,16,0,27
태,U+D0DC,16,1,0
택,U+D0DD,16,1,1
탞,U+D0DE,16,1,2
탟,U+D0DF,16,1,3
탠,U+D0E0,16,1,4
탡,U+D0E1,16,1,5
탢,U+D0E2,16,1,6
탣,U+D0E3,16,1,7
탤,U+D0E4,16,1,8
탥,U+D0E5,16,1,9
탦,U+D0E6,16,1,10
탧,U+D0E7,16,1,11
탨,U+D0E8,16,1,12
탩,U+D0E9,16,1,13
탪,U+D0EA,16,1,14
탫,U+D0EB,16,1,15
탬,U+D0EC,16,1,16
탭,U+D0ED,16,1,17
탮,U+D0EE,16,1,18
탯,U+D0EF,16,1,19
탰,U+D0F0,16,1,20
탱,U+D0F1,16,1,21
탲,U+D0F2,16,1,22
탳,U+D0F3,16,1,23
탴,U+D0F4,16,1,24
탵,U+D0F5,16,1,25
탶,U+D0F6,16,1,26
탷,U+D0F7,16,1,27
탸,U+D0F8,16,2,0
탹,U+D0F9,16,2,1
탺,U+D0FA,16,2,2
탻,U+D0FB,16,2,3
탼,U+D0FC,16,2,4
탽,U+D0FD,16,2,5
탾,U+D0FE,16,2,6
탿,U+D0FF,16,2,7
턀,U+D100,16,2,8
턁,U+D101,16,2,9
턂,U+D102,16,2,10
턃,U+D103,16,2,11
턄,U+D104,16,2,12
턅,U+D105,16,2,13
턆,U+D106,16,2,14
턇,U+D107,16,2,15
턈,U+D108,16,2,16
턉,U+D109,16,2,17
턊,U+D10A,16,2,18
턋,U+D10B,16,2,19
턌,U+D10C,16,2,20
턍,U+D10D,16,2,21
턎,U+D10E,16,2,22
턏,U+D10F,16,2,23
턐,U+D110,16,2,24
턑,U+D111,16,2,25
턒,U+D112,16,2,26
턓,U+D113,16,2,27
턔,U+D114,16,3,0
턕,U+D115,16,3,1
턖,U+D116,16,3,2
턗,U+D117,16,3,3
턘,U+D118,16,3,4
턙,U+D119,16,3,5
턚,U+D11A,16,3,6
턛,U+D11B,16,3,7
턜,U+D11C,16,3,8
턝,U+D11D,16,3,9
턞,U+D11E,16,3,10
턟,U+D11F,16,3,11
턠,U+D120,16,3,12
턡,U+D121,16,3,13
턢,U+D122,16,3,14
턣,U+D123,16,3,15
턤,U+D124,16,3,16
턥,U+D125,16,3,17
턦,U+D126,16,3,18
턧,U+D127,16,3,19
턨,U+D128,16,3,20
턩,U+D129,16,3,21
턪,U+D12A,16,3,22
턫,U+D12B,16,3,23
턬,U+D12C,16,3,24
턭,U+D12D,16,3,25
턮,U+D12E,16,3,26
턯,U+D12F,16,3,27
터,U+D130,16,4,0
턱,U+D131,16,4,1
턲,U+D132,16,4,2
턳,U+D133,16,4,3
턴,U+D134,16,4,4
턵,U+D135,16,4,5
턶,U+D136,16,4,6
턷,U+D137,16,4,7
털,U+D138,16,4,8
턹,U+D139,16,4,9
턺,U+D13A,16,4,10
턻,U+D13B,16,4,11
턼,U+D13C,16,4,12
턽,U+D13D,16,4,13
턾,U+D13E,16,4,14
턿,U+D13F,16,4,15
텀,U+D140,16,4,16
텁,U+D141,16,4,17
텂,U+D142,16,4,18
텃,U+D143,16,4,19
텄,U+D144,16,4,20
텅,U+D145,16,4,21
텆,U+D146,16,4,22
텇,U+D147,16,4,23
텈,U+D148,16,4,24
텉,U+D149,16,4,25
텊,U+D14A,16,4,26
텋,U+D14B,16,4,27
테,U+D14C,16,5,0
텍,U+D14D,16,5,1
텎,U+D14E,16,5,2
텏,U+D14F,16,5,3
텐,U+D150,16,5,4
텑,U+D151,16,5,5
텒,U+D152,16,5,6
텓,U+D153,16,5,7
텔,U+D154,16,5,8
텕,U+D155,16,5,9
텖,U+D156,16,5,10
텗,U+D157,16,5,11
텘,U+D158,16,5,12
텙,U+D159,16,5,13
텚,U+D15A,16,5,14
텛,U+D15B,16,5,15
템,U+D15C,16,5,16
텝,U+D15D,16,5,17
텞,U+D15E,16,5,18
텟,U+D15F,16,5,19
텠,U+D160,16,5,20
텡,U+D161,16,5,21
텢,U+D162,16,5,22
텣,U+D163,16,5,23
텤,U+D164,16,5,24
텥,U+D165,16,5,25
텦,U+D166,16,5,26
텧,U+D167,16,5,27
텨,U+D168,16,6,0
텩,U+D169,16,6,1
텪,U+D16A,16,6,2
텫,U+D16B,16,6,3
텬,U+D16C,16,6,4
텭,U+D16D,16,6,5
텮,U+D16E,16,6,6
텯,U+D16F,16,6,7
텰,U+D170,16,6,8
텱,U+D171,16,6,9
텲,U+D172,16,6,10
텳,U+D173,16,6,11
텴,U+D174,16,6,12
텵,U+D175,16,6,13
텶,U+D176,16,6,14
텷,U+D177,16,6,15
텸,U+D178,16,6,16
텹,U+D179,16,6,17
텺,U+D17A,16,6,18
텻,U+D17B,16,6,19
텼,U+D17C,16,6,20
텽,U+D17D,16,6,21
텾,U+D17E,16,6,22
텿,U+D17F,16,6,23
톀,U+D180,16,6,24
톁,U+D181,16,6,25
톂,U+D182,16,6,26
톃,U+D183,16,6,27
톄,U+D184,16,7,0
톅,U+D185,16,7,1
톆,U+D186,16,7,2
톇,U+D187,16,7,3
톈,U+D188,16,7,4
톉,U+D189,16,7,5
톊,U+D18A,16,7,6
톋,U+D18B,16,7,7
톌,U+D18C,16,7,8
톍,U+D18D,16,7,9
톎,U+D18E,16,7,10
톏,U+D18F,16,7,11
톐,U+D190,16,7,12
톑,U+D191,16,7,13
톒,U+D192,16,7,14
톓,U+D193,16,7,15
톔,U+D194,16,7,16
톕,U+D195,16,7,17
톖,U+D196,16,7,18
톗,U+D197,16,7,19
톘,U+D198,16,7,20
톙,U+D199,16,7,21
톚,U+D19A,16,7,22
톛,U+D19B,16,7,23
톜,U+D19C,16,7,24
톝,U+D19D,16,7,25
톞,U+D19E,16,7,26
톟,U+D19F,16,7,27
토,U+D1A0,16,8,0
톡,U+D1A1,16,8,1
톢,U+D1A2,16,8,2
톣,U+D1A3,16,8,3
톤,U+D1A4,16,8,4
톥,U+D1A5,16,8,5
톦,U+D1A6,16,8,6
톧,U+D1A7,16,8,7
톨,U+D1A8,16,8,8
톩,U+D1A9,16,8,9
톪,U+D1AA,16,8,10
톫,U+D1AB,16,8,11
톬,U+D1AC,16,8,12
톭,U+D1AD,16,8,13
톮,U+D1AE,16,8,14
톯,U+D1AF,16,8,15
톰,U+D1B0,16,8,16
톱,U+D1B1,16,8,17
톲,U+D1B2,16,8,18
톳,U+D1B3,16,8,19
톴,U+D1B4,16,8,20
통,U+D1B5,16,8,21
톶,U+D1B6,16,8,22
톷,U+D1B7,16,8,23
톸,U+D1B8,16,8,24
톹,U+D1B9,16,8,25
톺,U+D1BA,16,8,26
톻,U+D1BB,16,8,27
톼,U+D1BC,16,9,0
톽,U+D1BD,16,9,1
톾,U+D1BE,16,9,2
톿,U+D1BF,16,9,3
퇀,U+D1C0,16,9,4
퇁,U+D1C1,16,9,5
퇂,U+D1C2,16,9,6
퇃,U+D1C3,16,9,7
퇄,U+D1C4,16,9,8
퇅,U+D1C5,16,9,9
퇆,U+D1C6,16,9,10
퇇,U+D1C7,16,9,11
퇈,U+D1C8,16,9,12
퇉,U+D1C9,16,9,13
퇊,U+D1CA,16,9,14
퇋,U+D1CB,16,9,15
퇌,U+D1CC,16,9,16
퇍,U+D1CD,16,9,17
퇎,U+D1CE,16,9,18
퇏,U+D1CF,16,9,19
퇐,U+D1D0,16,9,20
퇑,U+D1D1,16,9,21
퇒,U+D1D2,16,9,22
퇓,U+D1D3,16,9,23
퇔,U+D1D4,16,9,24
퇕,U+D1D5,16,9,25
퇖,U+D1D6,16,9,26
퇗,U+D1D7,16,9,27
퇘,U+D1D8,16,10,0
퇙,U+D1D9,16,10,1
퇚,U+D1DA,16,10,2
퇛,U+D1DB,16,10,3
퇜,U+D1DC,16,10,4
퇝,U+D1DD,16,10,5
퇞,U+D1DE,16,10,6
퇟,U+D1DF,16,10,7
퇠,U+D1E0,16,10,8
퇡,U+D1E1,16,10,9
퇢,U+D1E2,16,10,10
퇣,U+D1E3,16,10,11
퇤,U+D1E4,16,10,12
퇥,U+D1E5,16,10,13
퇦,U+D1E6,16,10,14
퇧,U+D1E7,16,10,15
퇨,U+D1E8,16,10,16
퇩,U+D1E9,16,10,17
퇪,U+D1EA,16,10,18
퇫,U+D1EB,16,10,19
퇬,U+D1EC,16,10,20
퇭,U+D1ED,16,10,21
퇮,U+D1EE,16,10,22
퇯,U+D1EF,16,10,23
퇰,U+D1F0,16,10,24
퇱,U+D1F1,16,10,25
퇲,U+D1F2,16,10,26
퇳,U+D1F3,16,10,27
퇴,U+D1F4,16,11,0
퇵,U+D1F5,16,11,1
퇶,U+D1F6,16,11,2
퇷,U+D1F7,16,11,3
퇸,U+D1F8,16,11,4
퇹,U+D1F9,16,11,5
퇺,U+D1FA,16,11,6
퇻,U+D1FB,16,11,7
퇼,U+D1FC,16,11,8
퇽,U+D1FD,16,11,9
퇾,U+D1FE,16,11,10
퇿,U+D1FF,16,11,11
툀,U+D200,16,11,12
툁,U+D201,16,11,13
툂,U+D202,16,11,14
툃,U+D203,16,11,15
툄,U+D204,16,11,16
툅,U+D205,16,11,17
툆,U+D206,16,11,18
툇,U+D207,16,11,19
툈,U+D208,16,11,20
툉,U+D209,16,11,21
툊,U+D20A,16,11,22
툋,U+D20B,16,11,23
툌,U+D20C,16,11,24
툍,U+D20D,16,11,25
툎,U+D20E,16,11,26
툏,U+D20F,16,11,27
툐,U+D210,16,12,0
툑,U+D211,16,12,1
툒,U+D212,16,12,2
툓,U+D213,16,12,3
툔,U+D214,16,12,4
툕,U+D215,16,12,5
툖,U+D216,16,12,6
툗,U+D217,16,12,7
툘,U+D218,16,12,8
툙,U+D219,16,12,9
툚,U+D21A,16,12,10
툛,U+D21B,16,12,11
툜,U+D21C,16,12,12
툝,U+D21D,16,12,13
툞,U+D21E,16,12,14
툟,U+D21F,16,12,15
툠,U+D220,16,12,16
툡,U+D221,16,12,17
툢,U+D222,16,12,18
툣,U+D223,16,12,19
툤,U+D224,16,12,20
툥,U+D225,16,12,21
툦,U+D226,16,12,22
툧,U+D227,16,12,23
툨,U+D228,16,12,24
툩,U+D229,16,12,25
툪,U+D22A,16,12,26
툫,U+D22B,16,12,27
투,U+D22C,16,13,0
툭,U+D22D,16,13,1
툮,U+D22E,16,13,2
툯,U+D22F,16,13,3
툰,U+D230,16,13,4
툱,U+D231,16,13,5
툲,U+D232,16,13,6
툳,U+D233,16,13,7
툴,U+D234,16,13,8
툵,U+D235,16,13,9
툶,U+D236,16,13,10
툷,U+D237,16,13,11
툸,U+D238,16,13,12
툹,U+D239,16,13,13
툺,U+D23A,16,13,14
툻,U+D23B,16,13,15
툼,U+D23C,16,13,16
툽,U+D23D,16,13,17
툾,U+D23E,16,13,18
툿,U+D23F,16,13,19
퉀,U+D240,16,13,20
퉁,U+D241,16,13,21
퉂,U+D242,16,13,22
퉃,U+D243,16,13,23
퉄,U+D244,16,13,24
퉅,U+D245,16,13,25
퉆,U+D246,16,13,26
퉇,U+D247,16,13,27
퉈,U+D248,16,14,0
퉉,U+D249,16,14,1
퉊,U+D24A,16,14,2
퉋,U+D24B,16,14,3
퉌,U+D24C,16,14,4
퉍,U+D24D,16,14,5
퉎,U+D24E,16,14,6
퉏,U+D24F,16,14,7
퉐,U+D250,16,14,8
퉑,U+D251,16,14,9
퉒,U+D252,16,14,10
퉓,U+D253,16,14,11
퉔,U+D254,16,14,12
퉕,U+D255,16,14,13
퉖,U+D256,16,14,14
퉗,U+D257,16,14,15
퉘,U+D258,16,14,16
퉙,U+D259,16,14,17
퉚,U+D25A,16,14,18
퉛,U+D25B,16,14,19
퉜,U+D25C,16,14,20
퉝,U+D25D,16,14,21
퉞,U+D25E,16,14,22
퉟,U+D25F,16,14,23
퉠,U+D260,16,14,24
퉡,U+D261,16,14,25
퉢,U+D262,16,14,26
퉣,U+D263,16,14,27
퉤,U+D264,16,15,0
퉥,U+D265,16,15,1
퉦,U+D266,16,15,2
퉧,U+D267,16,15,3
퉨,U+D268,16,15,4
퉩,U+D269,16,15,5
퉪,U+D26A,16,15,6
퉫,U+D26B,16,15,7
퉬,U+D26C,16,15,8
퉭,U+D26D,16,15,9
퉮,U+D26E,16,15,10
퉯,U+D26F,16,15,11
퉰,U+D270,16,15,12
퉱,U+D271,16,15,13
퉲,U+D272,16,15,14
퉳,U+D273,16,15,15
퉴,U+D274,16,15,16
퉵,U+D275,16,15,17
퉶,U+D276,16,15,18
퉷,U+D277,16,15,19
퉸,U+D278,16,15,20
퉹,U+D279,16,15,21
퉺,U+D27A,16,15,22
퉻,U+D27B,16,15,23
퉼,U+D27C,16,15,24
퉽,U+D27D,16,15,25
퉾,U+D27E,16,15,26
퉿,U+D27F,16,15,27
튀,U+D280,16,16,0
튁,U+D281,16,16,1
튂,U+D282,16,16,2
튃,U+D283,16,16,3
튄,U+D284,16,16,4
튅,U+D285,16,16,5
튆,U+D286,16,16,6
튇,U+D287,16,16,7
튈,U+D288,16,16,8
튉,U+D289,16,16,9
튊,U+D28A,16,16,10
튋,U+D28B,16,16,11
튌,U+D28C,16,16,12
튍,U+D28D,16,16,13
튎,U+D28E,16,16,14
튏,U+D28F,16,16,15
튐,U+D290,16,16,16
튑,U+D291,16,16,17
튒,U+D292,16,16,18
튓,U+D293,16,16,19
튔,U+D294,16,16,20
튕,U+D295,16,16,21
튖,U+D296,16,16,22
튗,U+D297,16,16,23
튘,U+D298,16,16,24
튙,U+D299,16,16,25
튚,U+D29A,16,16,26
튛,U+D29B,16,16,27
튜,U+D29C,16,17,0
튝,U+D29D,16,17,1
튞,U+D29E,16,17,2
튟,U+D29F,16,17,3
튠,U+D2A0,16,17,4
튡,U+D2A1,16,17,5
튢,U+D2A2,16,17,6
튣,U+D2A3,16,17,7
튤,U+D2A4,16,17,8
튥,U+D2A5,16,17,9
튦,U+D2A6,16,17,10
튧,U+D2A7,16,17,11
튨,U+D2A8,16,17,12
튩,U+D2A9,16,17,13
튪,U+D2AA,16,17,14
튫,U+D2AB,16,17,15
튬,U+D2AC,16,17,16
튭,U+D2AD,16,17,17
튮,U+D2AE,16,17,18
튯,U+D2AF,16,17,19
튰,U+D2B0,16,17,20
튱,U+D2B1,16,17,21
튲,U+D2B2,16,17,22
튳,U+D2B3,16,17,23
튴,U+D2B4,16,17,24
튵,U+D2B5,16,17,25
튶,U+D2B6,16,17,26
튷,U+D2B7,16,17,27
트,U+D2B8,16,18,0
특,U+D2B9,16,18,1
튺,U+D2BA,16,18,2
튻,U+D2BB,16,18,3
튼,U+D2BC,16,18,4
튽,U+D2BD,16,18,5
튾,U+D2BE,16,18,6
튿,U+D2BF,16,18,7
틀,U+D2C0,16,18,8
틁,U+D2C1,16,18,9
틂,U+D2C2,16,18,10
틃,U+D2C3,16,18,11
틄,U+D2C4,16,18,12
틅,U+D2C5,16,18,13
틆,U+D2C6,16,18,14
틇,U+D2C7,16,18,15
틈,U+D2C8,16,18,16
틉,U+D2C9,16,18,17
틊,U+D2CA,16,18,18
틋,U+D2CB,16,18,19
틌,U+D2CC,16,18,20
틍,U+D2CD,16,18,21
틎,U+D2CE,16,18,22
틏,U+D2CF,16,18,23
틐,U+D2D0,16,18,24
틑,U+D2D1,16,18,25
틒,U+D2D2,16,18,26
틓,U+D2D3,16,18,27
틔,U+D2D4,16,19,0
틕,U+D2D5,16,19,1
틖,U+D2D6,16,19,2
틗,U+D2D7,16,19,3
틘,U+D2D8,16,19,4
틙,U+D2D9,16,19,5
틚,U+D2DA,16,19,6
틛,U+D2DB,16,19,7
틜,U+D2DC,16,19,8
틝,U+D2DD,16,19,9
틞,U+D2DE,16,19,10
틟,U+D2DF,16,19,11
틠,U+D2E0,16,19,12
틡,U+D2E1,16,19,13
틢,U+D2E2,16,19,14
틣,U+D2E3,16,19,15
틤,U+D2E4,16,19,16
틥,U+D2E5,16,19,17
틦,U+D2E6,16,19,18
틧,U+D2E7,16,19,19
틨,U+D2E8,16,19,20
틩,U+D2E9,16,19,21
틪,U+D2EA,16,19,22
틫,U+D2EB,16,19,23
틬,U+D2EC,16,19,24
틭,U+D2ED,16,19,25
틮,U+D2EE,16,19,26
틯,U+D2EF,16,19,27
티,U+D2F0,16,20,0
틱,U+D2F1,16,20,1
틲,U+D2F2,16,20,2
틳,U+D2F3,16,20,3
틴,U+D2F4,16,20,4
틵,U+D2F5,16,20,5
틶,U+D2F6,16,20,6
틷,U+D2F7,16,20,7
틸,U+D2F8,16,20,8
틹,U+D2F9,16,20,9
틺,U+D2FA,16,20,10
틻,U+D2FB,16,20,11
틼,U+D2FC,16,20,12
틽,U+D2FD,16,20,13
틾,U+D2FE,16,20,14
틿,U+D2FF,16,20,15
팀,U+D300,16,20,16
팁,U+D301,16,20,17
팂,U+D302,16,20,18
팃,U+D303,16,20,19
팄,U+D304,16,20,20
팅,U+D305,16,20,21
팆,U+D306,16,20,22
팇,U+D307,16,20,23
팈,U+D308,16,20,24
팉,U+D309,16,20,25
팊,U+D30A,16,20,26
팋,U+D30B,16,20,27
파,U+D30C,17,0,0
팍,U+D30D,17,0,1
팎,U+D30E,17,0,2
팏,U+D30F,17,0,3
판,U+D310,17,0,4
팑,U+D311,17,0,5
팒,U+D312,17,0,6
팓,U+D313,17,0,7
팔,U+D314,17,0,8
팕,U+D315,17,0,9
팖,U+D316,17,0,10
팗,U+D317,17,0,11
팘,U+D318,17,0,12
팙,U+D319,17,0,13
팚,U+D31A,17,0,14
팛,U+D31B,17,0,15
팜,U+D31C,17,0,16
팝,U+D31D,17,0,17
팞,U+D31E,17,0,18
팟,U+D31F,17,0,19
팠,U+D320,17,0,20
팡,U+D321,17,0,21
팢,U+D322,17,0,22
팣,U+D323,17,0,23
팤,U+D324,17,0,24
팥,U+D325,17,0,25
팦,U+D326,17,0,26
팧,U+D327,17,0,27
패,U+D328,17,1,0
팩,U+D329,17,1,1
팪,U+D32A,17,1,2
팫,U+D32B,17,1,3
팬,U+D32C,17,1,4
팭,U+D32D,17,1,5
팮,U+D32E,17,1,6
팯,U+D32F,17,1,7
팰,U+D330,17,1,8
팱,U+D331,17,1,9
팲,U+D332,17,1,10
팳,U+D333,17,1,11
팴,U+D334,17,1,12
팵,U+D335,17,1,13
팶,U+D336,17,1,14
팷,U+D337,17,1,15
팸,U+D338,17,1,16
팹,U+D339,17,1,17
팺,U+D33A,17,1,18
팻,U+D33B,17,1,19
팼,U+D33C,17,1,20
팽,U+D33D,17,1,21
팾,U+D33E,17,1,22
팿,U+D33F,17,1,23
퍀,U+D340,17,1,24
퍁,U+D341,17,1,25
퍂,U+D342,17,1,26
퍃,U+D343,17,1,27
퍄,U+D344,17,2,0
퍅,U+D345,17,2,1
퍆,U+D346,17,2,2
퍇,U+D347,17,2,3
퍈,U+D348,17,2,4
퍉,U+D349,17,2,5
퍊,U+D34A,17,2,6
퍋,U+D34B,17,2,7
퍌,U+D34C,17,2,8
퍍,U+D34D,17,2,9
퍎,U+D34E,17,2,10
퍏,U+D34F,17,2,11
퍐,U+D350,17,2,12
퍑,U+D351,17,2,13
퍒,U+D352,17,2,14
퍓,U+D353,17,2,15
퍔,U+D354,17,2,16
퍕,U+D355,17,2,17
퍖,U+D356,17,2,18
퍗,U+D357,17,2,19
퍘,U+D358,17,2,20
퍙,U+D359,17,2,21
퍚,U+D35A,17,2,22
퍛,U+D35B,17,2,23
퍜,U+D35C,17,2,24
퍝,U+D35D,17,2,25
퍞,U+D35E,17,2,26
퍟,U+D35F,17,2,27
퍠,U+D360,17,3,0
퍡,U+D361,17,3,1
퍢,U+D362,17,3,2
퍣,U+D363,17,3,3
퍤,U+D364,17,3,4
퍥,U+D365,17,3,5
퍦,U+D366,17,3,6
퍧,U+D367,17,3,7
퍨,U+D368,17,3,8
퍩,U+D369,17,3,9
퍪,U+D36A,17,3,10
퍫,U+D36B,17,3,11
퍬,U+D36C,17,3,12
퍭,U+D36D,17,3,13
퍮,U+D36E,17,3,14
퍯,U+D36F,17,3,15
퍰,U+D370,17,3,16
퍱,U+D371,17,3,17
퍲,U+D372,17,3,18
퍳,U+D373,17,3,19
퍴,U+D374,17,3,20
퍵,U+D375,17,3,21
퍶,U+D376,17,3,22
퍷,U+D377,17,3,23
퍸,U+D378,17,3,24
퍹,U+D379,17,3,25
퍺,U+D37A,17,3,26
퍻,U+D37B,17,3,27
퍼,U+D37C,17,4,0
퍽,U+D37D,17,4,1
퍾,U+D37E,17,4,2
퍿,U+D37F,17,4,3
펀,U+D380,17,4,4
펁,U+D381,17,4,5
펂,U+D382,17,4,6
펃,U+D383,17,4,7
펄,U+D384,17,4,8
펅,U+D385,17,4,9
펆,U+D386,17,4,10
펇,U+D387,17,4,11
펈,U+D388,17,4,12
펉,U+D389,17,4,13
펊,U+D38A,17,4,14
펋,U+D38B,17,4,15
펌,U+D38C,17,4,16
펍,U+D38D,17,4,17
펎,U+D38E,17,4,18
펏,U+D38F,17,4,19
펐,U+D390,17,4,20
펑,U+D391,17,4,21
펒,U+D392,17,4,22
펓,U+D393,17,4,23
펔,U+D394,17,4,24
펕,U+D395,17,4,25
펖,U+D396,17,4,26
펗,U+D397,17,4,27
페,U+D398,17,5,0
펙,U+D399,17,5,1
펚,U+D39A,17,5,2
펛,U+D39B,17,5,3
펜,U+D39C,17,5,4
펝,U+D39D,17,5,5
펞,U+D39E,17,5,6
펟,U+D39F,17,5,7
펠,U+D3A0,17,5,8
펡,U+D3A1,17,5,9
펢,U+D3A2,17,5,10
펣,U+D3A3,17,5,11
펤,U+D3A4,17,5,12
펥,U+D3A5,17,5,13
펦,U+D3A6,17,5,14
펧,U+D3A7,17,5,15
펨,U+D3A8,17,5,16
펩,U+D3A9,17,5,17
펪,U+D3AA,17,5,18
펫,U+D3AB,17,5,19
펬,U+D3AC,17,5,20
펭,U+D3AD,17,5,21
펮,U+D3AE,17,5,22
펯,U+D3AF,17,5,23
펰,U+D3B0,17,5,24
펱,U+D3B1,17,5,25
펲,U+D3B2,17,5,26
펳,U+D3B3,17,5,27
펴,U+D3B4,17,6,0
펵,U+D3B5,17,6,1
펶,U+D3B6,17,6,2
펷,U+D3B7,17,6,3
편,U+D3B8,17,6,4
펹,U+D3B9,17,6,5
펺,U+D3BA,17,6,6
펻,U+D3BB,17,6,7
펼,U+D3BC,17,6,8
펽,U+D3BD,17,6,9
펾,U+D3BE,17,6,10
펿,U+D3BF,17,6,11
폀,U+D3C0,17,6,12
폁,U+D3C1,17,6,13
폂,U+D3C2,17,6,14
폃,U+D3C3,17,6,15
폄,U+D3C4,17,6,16
폅,U+D3C5,17,6,17
폆,U+D3C6,17,6,18
폇,U+D3C7,17,6,19
폈,U+D3C8,17,6,20
평,U+D3C9,17,6,21
폊,U+D3CA,17,6,22
폋,U+D3CB,17,6,23
폌,U+D3CC,17,6,24
폍,U+D3CD,17,6,25
폎,U+D3CE,17,6,26
폏,U+D3CF,17,6,27
폐,U+D3D0,17,7,0
폑,U+D3D1,17,7,1
폒,U+D3D2,17,7,2
폓,U+D3D3,17,7,3
폔,U+D3D4,17,7,4
폕,U+D3D5,17,7,5
폖,U+D3D6,17,7,6
폗,U+D3D7,17,7,7
폘,U+D3D8,17,7,8
폙,U+D3D9,17,7,9
폚,U+D3DA,17,7,10
폛,U+D3DB,17,7,11
폜,U+D3DC,17,7,12
폝,U+D3DD,17,7,13
폞,U+D3DE,17,7,14
폟,U+D3DF,17,7,15
폠,U+D3E0,17,7,16
폡,U+D3E1,17,7,17
폢,U+D3E2,17,7,18
폣,U+D3E3,17,7,19
폤,U+D3E4,17,7,20
폥,U+D3E5,17,7,21
폦,U+D3E6,17,7,22
폧,U+D3E7,17,7,23
폨,U+D3E8,17,7,24
폩,U+D3E9,17,7,25
폪,U+D3EA,17,7,26
폫,U+D3EB,17,7,27
포,U+D3EC,17,8,0
폭,U+D3ED,17,8,1
폮,U+D3EE,17,8,2
폯,U+D3EF,17,8,3
폰,U+D3F0,17,8,4
폱,U+D3F1,17,8,5
폲,U+D3F2,17,8,6
폳,U+D3F3,17,8,7
폴,U+D3F4,17,8,8
폵,U+D3F5,17,8,9
폶,U+D3F6,17,8,10
폷,U+D3F7,17,8,11
폸,U+D3F8,17,8,12
폹,U+D3F9,17,8,13
폺,U+D3FA,17,8,14
폻,U+D3FB,17,8,15
폼,U+D3FC,17,8,16
폽,U+D3FD,17,8,17
폾,U+D3FE,17,8,18
폿,U+D3FF,17,8,19
퐀,U+D400,17,8,20
퐁,U+D401,17,8,21
퐂,U+D402,17,8,22
퐃,U+D403,17,8,23
퐄,U+D404,17,8,24
퐅,U+D405,17,8,25
퐆,U+D406,17,8,26
퐇,U+D407,17,8,27
퐈,U+D408,17,9,0
퐉,U+D409,17,9,1
퐊,U+D40A,17,9,2
퐋,U+D40B,17,9,3
퐌,U+D40C,17,9,4
퐍,U+D40D,17,9,5
퐎,U+D40E,17,9,6
퐏,U+D40F,17,9,7
퐐,U+D410,17,9,8
퐑,U+D411,17,9,9
퐒,U+D412,17,9,10
퐓,U+D413,17,9,11
퐔,U+D414,17,9,12
퐕,U+D415,17,9,13
퐖,U+D416,17,9,14
퐗,U+D417,17,9,15
퐘,U+D418,17,9,16
퐙,U+D419,17,9,17
퐚,U+D41A,17,9,18
퐛,U+D41B,17,9,19
퐜,U+D41C,17,9,20
퐝,U+D41D,17,9,21
퐞,U+D41E,17,9,22
퐟,U+D41F,17,9,23
퐠,U+D420,17,9,24
퐡,U+D421,17,9,25
퐢,U+D422,17,9,26
퐣,U+D423,17,9,27
퐤,U+D424,17,10,0
퐥,U+D425,17,10,1
퐦,U+D426,17,10,2
퐧,U+D427,17,10,3
퐨,U+D428,17,10,4
퐩,U+D429,17,10,5
퐪,U+D42A,17,10,6
퐫,U+D42B,17,10,7
퐬,U+D42C,17,10,8
퐭,U+D42D,17,10,9
퐮,U+D42E,17,10,10
퐯,U+D42F,17,10,11
퐰,U+D430,17,10,12
퐱,U+D431,17,10,13
퐲,U+D432,17,10,14
퐳,U+D433,17,10,15
퐴,U+D434,17,10,16
퐵,U+D435,17,10,17
퐶,U+D436,17,10,18
퐷,U+D437,17,10,19
퐸,U+D438,17,10,20
퐹,U+D439,17,10,21
퐺,U+D43A,17,10,22
퐻,U+D43B,17,10,23
퐼,U+D43C,17,10,24
퐽,U+D43D,17,10,25
퐾,U+D43E,17,10,26
퐿,U+D43F,17,10,27
푀,U+D440,17,11,0
푁,U+D441,17,11,1
푂,U+D442,17,11,2
푃,U+D443,17,11,3
푄,U+D444,17,11,4
푅,U+D445,17,11,5
푆,U+D446,17,11,6
푇,U+D447,17,11,7
푈,U+D448,17,11,8
푉,U+D449,17,11,9
푊,U+D44A,17,11,10
푋,U+D44B,17,11,11
푌,U+D44C,17,11,12
푍,U+D44D,17,11,13
푎,U+D44E,17,11,14
푏,U+D44F,17,11,15
푐,U+D450,17,11,16
푑,U+D451,17,11,17
푒,U+D452,17,11,18
푓,U+D453,17,11,19
푔,U+D454,17,11,20
푕,U+D455,17,11,21
푖,U+D456,17,11,22
푗,U+D457,17,11,23
푘,U+D458,17,11,24
푙,U+D459,17,11,25
푚,U+D45A,17,11,26
푛,U+D45B,17,11,27
표,U+D45C,17,12,0
푝,U+D45D,17,12,1
푞,U+D45E,17,12,2
푟,U+D45F,17,12,3
푠,U+D460,17,12,4
푡,U+D461,17,12,5
푢,U+D462,17,12,6
푣,U+D463,17,12,7
푤,U+D464,17,12,8
푥,U+D465,17,12,9
푦,U+D466,17,12,10
푧,U+D467,17,12,11
푨,U+D468,17,12,12
푩,U+D469,17,12,13
푪,U+D46A,17,12,14
푫,U+D46B,17,12,15
푬,U+D46C,17,12,16
푭,U+D46D,17,12,17
푮,U+D46E,17,12,18
푯,U+D46F,17,12,19
푰,U+D470,17,12,20
푱,U+D471,17,12,21
푲,U+D472,17,12,22
푳,U+D473,17,12,23
푴,U+D474,17,12,24
푵,U+D475,17,12,25
푶,U+D476,17,12,26
푷,U+D477,17,12,27
푸,U+D478,17,13,0
푹,U+D479,17,13,1
푺,U+D47A,17,13,2
푻,U+D47B,17,13,3
푼,U+D47C,17,13,4
푽,U+D47D,17,13,5
푾,U+D47E,17,13,6
푿,U+D47F,17,13,7
풀,U+D480,17,13,8
풁,U+D481,17,13,9
풂,U+D482,17,13,10
풃,U+D483,17,13,11
풄,U+D484,17,13,12
풅,U+D485,17,13,13
풆,U+D486,17,13,14
풇,U+D487,17,13,15
품,U+D488,17,13,16
풉,U+D489,17,13,17
풊,U+D48A,17,13,18
풋,U+D48B,17,13,19
풌,U+D48C,17,13,20
풍,U+D48D,17,13,21
풎,U+D48E,17,13,22
풏,U+D48F,17,13,23
풐,U+D490,17,13,24
풑,U+D491,17,13,25
풒,U+D492,17,13,26
풓,U+D493,17,13,27
풔,U+D494,17,14,0
풕,U+D495,17,14,1
풖,U+D496,17,14,2
풗,U+D497,17,14,3
풘,U+D498,17,14,4
풙,U+D499,17,14,5
풚,U+D49A,17,14,6
풛,U+D49B,17,14,7
풜,U+D49C,17,14,8
풝,U+D49D,17,14,9
풞,U+D49E,17,14,10
풟,U+D49F,17,14,11
풠,U+D4A0,17,14,12
풡,U+D4A1,17,14,13
풢,U+D4A2,17,14,14
풣,U+D4A3,17,14,15
풤,U+D4A4,17,14,16
풥,U+D4A5,17,14,17
풦,U+D4A6,17,14,18
풧,U+D4A7,17,14,19
풨,U+D4A8,17,14,20
풩,U+D4A9,17,14,21
풪,U+D4AA,17,14,22
풫,U+D4AB,17,14,23
풬,U+D4AC,17,14,24
풭,U+D4AD,17,14,25
풮,U+D4AE,17,14,26
풯,U+D4AF,17,14,27
풰,U+D4B0,17,15,0
풱,U+D4B1,17,15,1
풲,U+D4B2,17,15,2
풳,U+D4B3,17,15,3
풴,U+D4B4,17,15,4
풵,U+D4B5,17,15,5
풶,U+D4B6,17,15,6
풷,U+D4B7,17,15,7
풸,U+D4B8,17,15,8
풹,U+D4B9,17,15,9
풺,U+D4BA,17,15,10
풻,U+D4BB,17,15,11
풼,U+D4BC,17,15,12
풽,U+D4BD,17,15,13
풾,U+D4BE,17,15,14
풿,U+D4BF,17,15,15
퓀,U+D4C0,17,15,16
퓁,U+D4C1,17,15,17
퓂,U+D4C2,17,15,18
퓃,U+D4C3,17,15,19
퓄,U+D4C4,17,15,20
퓅,U+D4C5,17,15,21
퓆,U+D4C6,17,15,22
퓇,U+D4C7,17,15,23
퓈,U+D4C8,17,15,24
퓉,U+D4C9,17,15,25
퓊,U+D4CA,17,15,26
퓋,U+D4CB,17,15,27
퓌,U+D4CC,17,16,0
퓍,U+D4CD,17,16,1
퓎,U+D4CE,17,16,2
퓏,U+D4CF,17,16,3
퓐,U+D4D0,17,16,4
퓑,U+D4D1,17,16,5
퓒,U+D4D2,17,16,6
퓓,U+D4D3,17,16,7
퓔,U+D4D4,17,16,8
퓕,U+D4D5,17,16,9
퓖,U+D4D6,17,16,10
퓗,U+D4D7,17,16,11
퓘,U+D4D8,17,16,12
퓙,U+D4D9,17,16,13
퓚,U+D4DA,17,16,14
퓛,U+D4DB,17,16,15
퓜,U+D4DC,17,16,16
퓝,U+D4DD,17,16,17
퓞,U+D4DE,17,16,18
퓟,U+D4DF,17,16,19
퓠,U+D4E0,17,16,20
퓡,U+D4E1,17,16,21
퓢,U+D4E2,17,16,22
퓣,U+D4E3,17,16,23
퓤,U+D4E4,17,16,24
퓥,U+D4E5,17,16,25
퓦,U+D4E6,17,16,26
퓧,U+D4E7,17,16,27
퓨,U+D4E8,17,17,0
퓩,U+D4E9,17,17,1
퓪,U+D4EA,17,17,2
퓫,U+D4EB,17,17,3
퓬,U+D4EC,17,17,4
퓭,U+D4ED,17,17,5
퓮,U+D4EE,17,17,6
퓯,U+D4EF,17,17,7
퓰,U+D4F0,17,17,8
퓱,U+D4F1,17,17,9
퓲,U+D4F2,17,17,10
퓳,U+D4F3,17,17,11
퓴,U+D4F4,17,17,12
퓵,U+D4F5,17,17,13
퓶,U+D4F6,17,17,14
퓷,U+D4F7,17,17,15
퓸,U+D4F8,17,17,16
퓹,U+D4F9,17,17,17
퓺,U+D4FA,17,17,18
퓻,U+D4FB,17,17,19
퓼,U+D4FC,17,17,20
퓽,U+D4FD,17,17,21
퓾,U+D4FE,17,17,22
퓿,U+D4FF,17,17,23
픀,U+D500,17,17,24
픁,U+D501,17,17,25
픂,U+D502,17,17,26
픃,U+D503,17,17,27
프,U+D504,17,18,0
픅,U+D505,17,18,1
픆,U+D506,17,18,2
픇,U+D507,17,18,3
픈,U+D508,17,18,4
픉,U+D509,17,18,5
픊,U+D50A,17,18,6
픋,U+D50B,17,18,7
플,U+D50C,17,18,8
픍,U+D50D,17,18,9
픎,U+D50E,17,18,10
픏,U+D50F,17,18,11
픐,U+D510,17,18,12
픑,U+D511,17,18,13
픒,U+D512,17,18,14
픓,U+D513,17,18,15
픔,U+D514,17,18,16
픕,U+D515,17,18,17
픖,U+D516,17,18,18
픗,U+D517,17,18,19
픘,U+D518,17,18,20
픙,U+D519,17,18,21
픚,U+D51A,17,18,22
픛,U+D51B,17,18,23
픜,U+D51C,17,18,24
픝,U+D51D,17,18,25
픞,U+D51E,17,18,26
픟,U+D51F,17,18,27
픠,U+D520,17,19,0
픡,U+D521,17,19,1
픢,U+D522,17,19,2
픣,U+D523,17,19,3
픤,U+D524,17,19,4
픥,U+D525,17,19,5
픦,U+D526,17,19,6
픧,U+D527,17,19,7
픨,U+D528,17,19,8
픩,U+D529,17,19,9
픪,U+D52A,17,19,10
픫,U+D52B,17,19,11
픬,U+D52C,17,19,12
픭,U+D52D,17,19,13
픮,U+D52E,17,19,14
픯,U+D52F,17,19,15
픰,U+D530,17,19,16
픱,U+D531,17,19,17
픲,U+D532,17,19,18
픳,U+D533,17,19,19
픴,U+D534,17,19,20
픵,U+D535,17,19,21
픶,U+D536,17,19,22
픷,U+D537,17,19,23
픸,U+D538,17,19,24
픹,U+D539,17,19,25
픺,U+D53A,17,19,26
픻,U+D53B,17,19,27
피,U+D53C,17,20,0
픽,U+D53D,17,20,1
픾,U+D53E,17,20,2
픿,U+D53F,17,20,3
핀,U+D540,17,20,4
핁,U+D541,17,20,5
핂,U+D542,17,20,6
핃,U+D543,17,20,7
필,U+D544,17,20,8
핅,U+D545,17,20,9
핆,U+D546,17,20,10
핇,U+D547,17,20,11
핈,U+D548,17,20,12
핉,U+D549,17,20,13
핊,U+D54A,17,20,14
핋,U+D54B,17,20,15
핌,U+D54C,17,20,16
핍,U+D54D,17,20,17
핎,U+D54E,17,20,18
핏,U+D54F,17,20,19
핐,U+D550,17,20,20
핑,U+D551,17,20,21
핒,U+D552,17,20,22
핓,U+D553,17,20,23
핔,U+D554,17,20,24
핕,U+D555,17,20,25
핖,U+D556,17,20,26
핗,U+D557,17,20,27
하,U+D558,18,0,0
학,U+D559,18,0,1
핚,U+D55A,18,0,2
핛,U+D55B,18,0,3
한,U+D55C,18,0,4
핝,U+D55D,18,0,5
핞,U+D55E,18,0,6
핟,U+D55F,18,0,7
할,U+D560,18,0,8
핡,U+D561,18,0,9
핢,U+D562,18,0,10
핣,U+D563,18,0,11
핤,U+D564,18,0,12
핥,U+D565,18,0,13
핦,U+D566,18,0,14
핧,U+D567,18,0,15
함,U+D568,18,0,16
합,U+D569,18,0,17
핪,U+D56A,18,0,18
핫,U+D56B,18,0,19
핬,U+D56C,18,0,20
항,U+D56D,18,0,21
핮,U+D56E,18,0,22
핯,U+D56F,18,0,23
핰,U+D570,18,0,24
핱,U+D571,18,0,25
핲,U+D572,18,0,26
핳,U+D573,18,0,27
해,U+D574,18,1,0
핵,U+D575,18,1,1
핶,U+D576,18,1,2
핷,U+D577,18,1,3
핸,U+D578,18,1,4
핹,U+D579,18,1,5
핺,U+D57A,18,1,6
핻,U+D57B,18,1,7
핼,U+D57C,18,1,8
핽,U+D57D,18,1,9
핾,U+D57E,18,1,10
핿,U+D57F,18,1,11
햀,U+D580,18,1,12
햁,U+D581,18,1,13
햂,U+D582,18,1,14
햃,U+D583,18,1,15
햄,U+D584,18,1,16
햅,U+D585,18,1,17
햆,U+D586,18,1,18
햇,U+D587,18,1,19
했,U+D588,18,1,20
행,U+D589,18,1,21
햊,U+D58A,18,1,22
햋,U+D58B,18,1,23
햌,U+D58C,18,1,24
햍,U+D58D,18,1,25
햎,U+D58E,18,1,26
햏,U+D58F,18,1,27
햐,U+D590,18,2,0
햑,U+D591,18,2,1
햒,U+D592,18,2,2
햓,U+D593,18,2,3
햔,U+D594,18,2,4
햕,U+D595,18,2,5
햖,U+D596,18,2,6
햗,U+D597,18,2,7
햘,U+D598,18,2,8
햙,U+D599,18,2,9
햚,U+D59A,18,2,10
햛,U+D59B,18,2,11
햜,U+D59C,18,2,12
햝,U+D59D,18,2,13
햞,U+D59E,18,2,14
햟,U+D59F,18,2,15
햠,U+D5A0,18,2,16
햡,U+D5A1,18,2,17
햢,U+D5A2,18,2,18
햣,U+D5A3,18,2,19
햤,U+D5A4,18,2,20
향,U+D5A5,18,2,21
햦,U+D5A6,18,2,22
햧,U+D5A7,18,2,23
햨,U+D5A8,18,2,24
햩,U+D5A9,18,2,25
햪,U+D5AA,18,2,26
햫,U+D5AB,18,2,27
햬,U+D5AC,18,3,0
햭,U+D5AD,18,3,1
햮,U+D5AE,18,3,2
햯,U+D5AF,18,3,3
햰,U+D5B0,18,3,4
햱,U+D5B1,18,3,5
햲,U+D5B2,18,3,6
햳,U+D5B3,18,3,7
햴,U+D5B4,18,3,8
햵,U+D5B5,18,3,9
햶,U+D5B6,18,3,10
햷,U+D5B7,18,3,11
햸,U+D5B8,18,3,12
햹,U+D5B9,18,3,13
햺,U+D5BA,18,3,14
햻,U+D5BB,18,3,15
햼,U+D5BC,18,3,16
햽,U+D5BD,18,3,17
햾,U+D5BE,18,3,18
햿,U+D5BF,18,3,19
헀,U+D5C0,18,3,20
헁,U+D5C1,18,3,21
헂,U+D5C2,18,3,22
헃,U+D5C3,18,3,23
헄,U+D5C4,18,3,24
헅,U+D5C5,18,3,25
헆,U+D5C6,18,3,26
헇,U+D5C7,18,3,27
허,U+D5C8,18,4,0
헉,U+D5C9,18,4,1
헊,U+D5CA,18,4,2
헋,U+D5CB,18,4,3
헌,U+D5CC,18,4,4
헍,U+D5CD,18,4,5
헎,U+D5CE,18,4,6
헏,U+D5CF,18,4,7
헐,U+D5D0,18,4,8
헑,U+D5D1,18,4,9
헒,U+D5D2,18,4,10
헓,U+D5D3,18,4,11
헔,U+D5D4,18,4,12
헕,U+D5D5,18,4,13
헖,U+D5D6,18,4,14
헗,U+D5D7,18,4,15
험,U+D5D8,18,4,16
헙,U+D5D9,18,4,17
헚,U+D5DA,18,4,18
헛,U+D5DB,18,4,19
헜,U+D5DC,18,4,20
헝,U+D5DD,18,4,21
헞,U+D5DE,18,4,22
헟,U+D5DF,18,4,23
헠,U+D5E0,18,4,24
헡,U+D5E1,18,4,25
헢,U+D5E2,18,4,26
헣,U+D5E3,18,4,27
헤,U+D5E4,18,5,0
헥,U+D5E5,18,5,1
헦,U+D5E6,18,5,2
헧,U+D5E7,18,5,3
헨,U+D5E8,18,5,4
헩,U+D5E9,18,5,5
헪,U+D5EA,18,5,6
헫,U+D5EB,18,5,7
헬,U+D5EC,18,5,8
헭,U+D5ED,18,5,9
헮,U+D5EE,18,5,10
헯,U+D5EF,18,5,11
헰,U+D5F0,18,5,12
헱,U+D5F1,18,5,13
헲,U+D5F2,18,5,14
헳,U+D5F3,18,5,15
헴,U+D5F4,18,5,16
헵,U+D5F5,18,5,17
헶,U+D5F6,18,5,18
헷,U+D5F7,18,5,19
헸,U+D5F8,18,5,20
헹,U+D5F9,18,5,21
헺,U+D5FA,18,5,22
헻,U+D5FB,18,5,23
헼,U+D5FC,18,5,24
헽,U+D5FD,18,5,25
헾,U+D5FE,18,5,26
헿,U+D5FF,18,5,27
혀,U+D600,18,6,0
혁,U+D601,18,6,1
혂,U+D602,18,6,2
혃,U+D603,18,6,3
현,U+D604,18,6,4
혅,U+D605,18,6,5
혆,U+D606,18,6,6
혇,U+D607,18,6,7
혈,U+D608,18,6,8
혉,U+D609,18,6,9
혊,U+D60A,18,6,10
혋,U+D60B,18,6,11
혌,U+D60C,18,6,12
혍,U+D60D,18,6,13
혎,U+D60E,18,6,14
혏,U+D60F,18,6,15
혐,U+D610,18,6,16
협,U+D611,18,6,17
혒,U+D612,18,6,18
혓,U+D613,18,6,19
혔,U+D614,18,6,20
형,U+D615,18,6,21
혖,U+D616,18,6,22
혗,U+D617,18,6,23
혘,U+D618,18,6,24
혙,U+D619,18,6,25
혚,U+D61A,18,6,26
혛,U+D61B,18,6,27
혜,U+D61C,18,7,0
혝,U+D61D,18,7,1
혞,U+D61E,18,7,2
혟,U+D61F,18,7,3
혠,U+D620,18,7,4
혡,U+D621,18,7,5
혢,U+D622,18,7,6
혣,U+D623,18,7,7
혤,U+D624,18,7,8
혥,U+D625,18,7,9
혦,U+D626,18,7,10
혧,U+D627,18,7,11
혨,U+D628,18,7,12
혩,U+D629,18,7,13
혪,U+D62A,18,7,14
혫,U+D62B,18,7,15
혬,U+D62C,18,7,16
혭,U+D62D,18,7,17
혮,U+D62E,18,7,18
혯,U+D62F,18,7,19
혰,U+D630,18,7,20
혱,U+D631,18,7,21
혲,U+D632,18,7,22
혳,U+D633,18,7,23
혴,U+D634,18,7,24
혵,U+D635,18,7,25
혶,U+D636,18,7,26
혷,U+D637,18,7,27
호,U+D638,18,8,0
혹,U+D639,18,8,1
혺,U+D63A,18,8,2
혻,U+D63B,18,8,3
혼,U+D63C,18,8,4
혽,U+D63D,18,8,5
혾,U+D63E,18,8,6
혿,U+D63F,18,8,7
홀,U+D640,18,8,8
홁,U+D641,18,8,9
홂,U+D642,18,8,10
홃,U+D643,18,8,11
홄,U+D644,18,8,12
홅,U+D645,18,8,13
홆,U+D646,18,8,14
홇,U+D647,18,8,15
홈,U+D648,18,8,16
홉,U+D649,18,8,17
홊,U+D64A,18,8,18
홋,U+D64B,18,8,19
홌,U+D64C,18,8,20
홍,U+D64D,18,8,21
홎,U+D64E,18,8,22
홏,U+D64F,18,8,23
홐,U+D650,18,8,24
홑,U+D651,18,8,25
홒,U+D652,18,8,26
홓,U+D653,18,8,27
화,U+D654,18,9,0
확,U+D655,18,9,1
홖,U+D656,18,9,2
홗,U+D657,18,9,3
환,U+D658,18,9,4
홙,U+D659,18,9,5
홚,U+D65A,18,9,6
홛,U+D65B,18,9,7
활,U+D65C,18,9,8
홝,U+D65D,18,9,9
홞,U+D65E,18,9,10
홟,U+D65F,18,9,11
홠,U+D660,18,9,12
홡,U+D661,18,9,13
홢,U+D662,18,9,14
홣,U+D663,18,9,15
홤,U+D664,18,9,16
홥,U+D665,18,9,17
홦,U+D666,18,9,18
홧,U+D667,18,9,19
홨,U+D668,18,9,20
황,U+D669,18,9,21
홪,U+D66A,18,9,22
홫,U+D66B,18,9,23
홬,U+D66C,18,9,24
홭,U+D66D,18,9,25
홮,U+D66E,18,9,26
홯,U+D66F,18,9,27
홰,U+D670,18,10,0
홱,U+D671,18,10,1
홲,U+D672,18,10,2
홳,U+D673,18,10,3
홴,U+D674,18,10,4
홵,U+D675,18,10,5
홶,U+D676,18,10,6
홷,U+D677,18,10,7
홸,U+D678,18,10,8
홹,U+D679,18,10,9
홺,U+D67A,18,10,10
홻,U+D67B,18,10,11
홼,U+D67C,18,10,12
홽,U+D67D,18,10,13
홾,U+D67E,18,10,14
홿,U+D67F,18,10,15
횀,U+D680,18,10,16
횁,U+D681,18,10,17
횂,U+D682,18,10,18
횃,U+D683,18,10,19
횄,U+D684,18,10,20
횅,U+D685,18,10,21
횆,U+D686,18,10,22
횇,U+D687,18,10,23
횈,U+D688,18,10,24
횉,U+D689,18,10,25
횊,U+D68A,18,10,26
횋,U+D68B,18,10,27
회,U+D68C,18,11,0
획,U+D68D,18,11,1
횎,U+D68E,18,11,2
횏,U+D68F,18,11,3
횐,U+D690,18,11,4
횑,U+D691,18,11,5
횒,U+D692,18,11,6
횓,U+D693,18,11,7
횔,U+D694,18,11,8
횕,U+D695,18,11,9
횖,U+D696,18,11,10
횗,U+D697,18,11,11
횘,U+D698,18,11,12
횙,U+D699,18,11,13
횚,U+D69A,18,11,14
횛,U+D69B,18,11,15
횜,U+D69C,18,11,16
횝,U+D69D,18,11,17
횞,U+D69E,18,11,18
횟,U+D69F,18,11,19
횠,U+D6A0,18,11,20
횡,U+D6A1,18,11,21
횢,U+D6A2,18,11,22
횣,U+D6A3,18,11,23
횤,U+D6A4,18,11,24
횥,U+D6A5,18,11,25
횦,U+D6A6,18,11,26
횧,U+D6A7,18,11,27
효,U+D6A8,18,12,0
횩,U+D6A9,18,12,1
횪,U+D6AA,18,12,2
횫,U+D6AB,18,12,3
횬,U+D6AC,18,12,4
횭,U+D6AD,18,12,5
횮,U+D6AE,18,12,6
횯,U+D6AF,18,12,7
횰,U+D6B0,18,12,8
횱,U+D6B1,18,12,9
횲,U+D6B2,18,12,10
횳,U+D6B3,18,12,11
횴,U+D6B4,18,12,12
횵,U+D6B5,18,12,13
횶,U+D6B6,18,12,14
횷,U+D6B7,18,12,15
횸,U+D6B8,18,12,16
횹,U+D6B9,18,12,17
횺,U+D6BA,18,12,18
횻,U+D6BB,18,12,19
횼,U+D6BC,18,12,20
횽,U+D6BD,18,12,21
횾,U+D6BE,18,12,22
횿,U+D6BF,18,12,23
훀,U+D6C0,18,12,24
훁,U+D6C1,18,12,25
훂,U+D6C2,18,12,26
훃,U+D6C3,18,12,27
후,U+D6C4,18,13,0
훅,U+D6C5,18,13,1
훆,U+D6C6,18,13,2
훇,U+D6C7,18,13,3
훈,U+D6C8,18,13,4
훉,U+D6C9,18,13,5
훊,U+D6CA,18,13,6
훋,U+D6CB,18,13,7
훌,U+D6CC,18,13,8
훍,U+D6CD,18,13,9
훎,U+D6CE,18,13,10
훏,U+D6CF,18,13,11
훐,U+D6D0,18,13,12
훑,U+D6D1,18,13,13
훒,U+D6D2,18,13,14
훓,U+D6D3,18,13,15
훔,U+D6D4,18,13,16
훕,U+D6D5,18,13,17
훖,U+D6D6,18,13,18
훗,U+D6D7,18,13,19
훘,U+D6D8,18,13,20
훙,U+D6D9,18,13,21
훚,U+D6DA,18,13,22
훛,U+D6DB,18,13,23
훜,U+D6DC,18,13,24
훝,U+D6DD,18,13,25
훞,U+D6DE,18,13,26
훟,U+D6DF,18,13,27
훠,U+D6E0,18,14,0
훡,U+D6E1,18,14,1
훢,U+D6E2,18,14,2
훣,U+D6E3,18,14,3
훤,U+D6E4,18,14,4
훥,U+D6E5,18,14,5
훦,U+D6E6,18,14,6
훧,U+D6E7,18,14,7
훨,U+D6E8,18,14,8
훩,U+D6E9,18,14,9
훪,U+D6EA,18,14,10
훫,U+D6EB,18,14,11
훬,U+D6EC,18,14,12
훭,U+D6ED,18,14,13
훮,U+D6EE,18,14,14
훯,U+D6EF,18,14,15
훰,U+D6F0,18,14,16
훱,U+D6F1,18,14,17
훲,U+D6F2,18,14,18
훳,U+D6F3,18,14,19
훴,U+D6F4,18,14,20
훵,U+D6F5,18,14,21
훶,U+D6F6,18,14,22
훷,U+D6F7,18,14,23
훸,U+D6F8,18,14,24
훹,U+D6F9,18,14,25
훺,U+D6FA,18,14,26
훻,U+D6FB,18,14,27
훼,U+D6FC,18,15,0
훽,U+D6FD,18,15,1
훾,U+D6FE,18,15,2
훿,U+D6FF,18,15,3
휀,U+D700,18,15,4
휁,U+D701,18,15,5
휂,U+D702,18,15,6
휃,U+D703,18,15,7
휄,U+D704,18,15,8
휅,U+D705,18,15,9
휆,U+D706,18,15,10
휇,U+D707,18,15,11
휈,U+D708,18,15,12
휉,U+D709,18,15,13
휊,U+D70A,18,15,14
휋,U+D70B,18,15,15
휌,U+D70C,18,15,16
휍,U+D70D,18,15,17
휎,U+D70E,18,15,18
휏,U+D70F,18,15,19
휐,U+D710,18,15,20
휑,U+D711,18,15,21
휒,U+D712,18,15,22
휓,U+D713,18,15,23
휔,U+D714,18,15,24
휕,U+D715,18,15,25
휖,U+D716,18,15,26
휗,U+D717,18,15,27
휘,U+D718,18,16,0
휙,U+D719,18,16,1
휚,U+D71A,18,16,2
휛,U+D71B,18,16,3
휜,U+D71C,18,16,4
휝,U+D71D,18,16,5
휞,U+D71E,18,16,6
휟,U+D71F,18,16,7
휠,U+D720,18,16,8
휡,U+D721,18,16,9
휢,U+D722,18,16,10
휣,U+D723,18,16,11
휤,U+D724,18,16,12
휥,U+D725,18,16,13
휦,U+D726,18,16,14
휧,U+D727,18,16,15
휨,U+D728,18,16,16
휩,U+D729,18,16,17
휪,U+D72A,18,16,18
휫,U+D72B,18,16,19
휬,U+D72C,18,16,20
휭,U+D72D,18,16,21
휮,U+D72E,18,16,22
휯,U+D72F,18,16,23
휰,U+D730,18,16,24
휱,U+D731,18,16,25
휲,U+D732,18,16,26
휳,U+D733,18,16,27
휴,U+D734,18,17,0
휵,U+D735,18,17,1
휶,U+D736,18,17,2
휷,U+D737,18,17,3
휸,U+D738,18,17,4
휹,U+D739,18,17,5
휺,U+D73A,18,17,6
휻,U+D73B,18,17,7
휼,U+D73C,18,17,8
휽,U+D73D,18,17,9
휾,U+D73E,18,17,10
휿,U+D73F,18,17,11
흀,U+D740,18,17,12
흁,U+D741,18,17,13
흂,U+D742,18,17,14
흃,U+D743,18,17,15
흄,U+D744,18,17,16
흅,U+D745,18,17,17
흆,U+D746,18,17,18
흇,U+D747,18,17,19
흈,U+D748,18,17,20
흉,U+D749,18,17,21
흊,U+D74A,18,17,22
흋,U+D74B,18,17,23
흌,U+D74C,18,17,24
흍,U+D74D,18,17,25
흎,U+D74E,18,17,26
흏,U+D74F,18,17,27
흐,U+D750,18,18,0
흑,U+D751,18,18,1
흒,U+D752,18,18,2
흓,U+D753,18,18,3
흔,U+D754,18,18,4
흕,U+D755,18,18,5
흖,U+D756,18,18,6
흗,U+D757,18,18,7
흘,U+D758,18,18,8
흙,U+D759,18,18,9
흚,U+D75A,18,18,10
흛,U+D75B,18,18,11
흜,U+D75C,18,18,12
흝,U+D75D,18,18,13
흞,U+D75E,18,18,14
흟,U+D75F,18,18,15
흠,U+D760,18,18,16
흡,U+D761,18,18,17
흢,U+D762,18,18,18
흣,U+D763,18,18,19
흤,U+D764,18,18,20
흥,U+D765,18,18,21
흦,U+D766,18,18,22
흧,U+D767,18,18,23
흨,U+D768,18,18,24
흩,U+D769,18,18,25
흪,U+D76A,18,18,26
흫,U+D76B,18,18,27
희,U+D76C,18,19,0
흭,U+D76D,18,19,1
흮,U+D76E,18,19,2
흯,U+D76F,18,19,3
흰,U+D770,18,19,4
흱,U+D771,18,19,5
흲,U+D772,18,19,6
흳,U+D773,18,19,7
흴,U+D774,18,19,8
흵,U+D775,18,19,9
흶,U+D776,18,19,10
흷,U+D777,18,19,11
흸,U+D778,18,19,12
흹,U+D779,18,19,13
흺,U+D77A,18,19,14
흻,U+D77B,18,19,15
흼,U+D77C,18,19,16
흽,U+D77D,18,19,17
흾,U+D77E,18,19,18
흿,U+D77F,18,19,19
힀,U+D780,18,19,20
힁,U+D781,18,19,21
힂,U+D782,18,19,22
힃,U+D783,18,19,23
힄,U+D784,18,19,24
힅,U+D785,18,19,25
힆,U+D786,18,19,26
힇,U+D787,18,19,27
히,U+D788,18,20,0
힉,U+D789,18,20,1
힊,U+D78A,18,20,2
힋,U+D78B,18,20,3
힌,U+D78C,18,20,4
힍,U+D78D,18,20,5
힎,U+D78E,18,20,6
힏,U+D78F,18,20,7
힐,U+D790,18,20,8
힑,U+D791,18,20,9
힒,U+D792,18,20,10
힓,U+D793,18,20,11
힔,U+D794,18,20,12
힕,U+D795,18,20,13
힖,U+D796,18,20,14
힗,U+D797,18,20,15
힘,U+D798,18,20,16
힙,U+D799,18,20,17
힚,U+D79A,18,20,18
힛,U+D79B,18,20,19
힜,U+D79C,18,20,20
힝,U+D79D,18,20,21
힞,U+D79E,18,20,22
힟,U+D79F,18,20,23
힠,U+D7A0,18,20,24
힡,U+D7A1,18,20,25
힢,U+D7A2,18,20,26
힣,U+D7A3,18,20,27
